country_slug,country_name,city_slug,city_name,lat,lng
united-arab-emirates,United Arab Emirates,warsn,Warīsān,25.16744,55.40708
united-arab-emirates,United Arab Emirates,umm-suqaym,Umm Suqaym,25.15491,55.21015
united-arab-emirates,United Arab Emirates,umm-al-quwain-city,Umm Al Quwain City,25.56473,55.55517
united-arab-emirates,United Arab Emirates,arf-kalb,Ţarīf Kalbā,25.0695,56.33115
united-arab-emirates,United Arab Emirates,ar-rshidyah,Ar Rāshidīyah,25.22499,55.38947
united-arab-emirates,United Arab Emirates,ras-al-khaimah-city,Ras Al Khaimah City,25.78953,55.9432
united-arab-emirates,United Arab Emirates,muzayri,Muzayri‘,23.14355,53.7881
united-arab-emirates,United Arab Emirates,murba,Murbaḩ,25.27623,56.36256
united-arab-emirates,United Arab Emirates,maf,Maşfūţ,24.81089,56.10657
united-arab-emirates,United Arab Emirates,zayed-city,Zayed City,23.65416,53.70522
united-arab-emirates,United Arab Emirates,khawr-fakkn,Khawr Fakkān,25.33132,56.34199
united-arab-emirates,United Arab Emirates,kalb,Kalbā,25.0513,56.35422
united-arab-emirates,United Arab Emirates,jumayr,Jumayrā,25.20795,55.24969
united-arab-emirates,United Arab Emirates,al-jazrah-al-amr,Al Jazīrah al Ḩamrā’,25.7091,55.80772
united-arab-emirates,United Arab Emirates,dubai,Dubai,25.07725,55.30927
united-arab-emirates,United Arab Emirates,dibba-al-fujairah,Dibba Al-Fujairah,25.59246,56.26176
united-arab-emirates,United Arab Emirates,dibba-al-hisn,Dibba Al-Hisn,25.61955,56.27291
united-arab-emirates,United Arab Emirates,dayrah,Dayrah,25.27143,55.30207
united-arab-emirates,United Arab Emirates,sharjah,Sharjah,25.33737,55.41206
united-arab-emirates,United Arab Emirates,ash-sham,Ash Sha‘m,26.0279,56.08352
united-arab-emirates,United Arab Emirates,ar-ruways,Ar Ruways,24.11028,52.73056
united-arab-emirates,United Arab Emirates,al-manmah,Al Manāmah,25.3299,56.02188
united-arab-emirates,United Arab Emirates,al-amryah,Al Ḩamrīyah,25.47819,55.53377
united-arab-emirates,United Arab Emirates,att,Ḩattā,24.80073,56.12726
united-arab-emirates,United Arab Emirates,al-fujairah-city,Al Fujairah City,25.11641,56.34141
united-arab-emirates,United Arab Emirates,al-ain-city,Al Ain City,24.19167,55.76056
united-arab-emirates,United Arab Emirates,ajman-city,Ajman City,25.40177,55.47878
united-arab-emirates,United Arab Emirates,adh-dhayd,Adh Dhayd,25.28812,55.88157
united-arab-emirates,United Arab Emirates,abu-dhabi,Abu Dhabi,24.45118,54.39696
united-arab-emirates,United Arab Emirates,ab-hayl,Abū Hayl,25.28413,55.33153
united-arab-emirates,United Arab Emirates,as-sawah,As Saţwah,25.22192,55.27459
united-arab-emirates,United Arab Emirates,nadd-al-umr,Nadd al Ḩumr,25.20131,55.38388
united-arab-emirates,United Arab Emirates,al-lusayl,Al Lusaylī,24.93138,55.47531
united-arab-emirates,United Arab Emirates,suwayn,Suwayḩān,24.46235,55.33715
united-arab-emirates,United Arab Emirates,al-amdyah,Al Ḩamīdīyah,25.40001,55.52925
united-arab-emirates,United Arab Emirates,al-waheda,Al Waheda,25.29173,55.33822
united-arab-emirates,United Arab Emirates,al-twar-first,Al Twar First,25.27148,55.36165
united-arab-emirates,United Arab Emirates,al-twar-second,AL Twar Second,25.26309,55.38028
united-arab-emirates,United Arab Emirates,al-qusais-second,Al Qusais Second,25.27148,55.38603
united-arab-emirates,United Arab Emirates,al-karama,Al Karama,25.24004,55.30106
united-arab-emirates,United Arab Emirates,al-hudaiba,Al Hudaiba,25.24151,55.27805
united-arab-emirates,United Arab Emirates,knowledge-village,Knowledge Village,25.10223,55.16433
united-arab-emirates,United Arab Emirates,the-palm-jumeirah,The Palm Jumeirah,25.11607,55.13506
united-arab-emirates,United Arab Emirates,zaabeel,Za'abeel,25.22536,55.305
united-arab-emirates,United Arab Emirates,oud-metha,Oud Metha,25.23685,55.31419
united-arab-emirates,United Arab Emirates,bur-dubai,Bur Dubai,25.26038,55.29891
united-arab-emirates,United Arab Emirates,khalifah-a-city,Khalifah A City,24.42588,54.605
united-arab-emirates,United Arab Emirates,shakhbout-city,Shakhbout City,24.36727,54.63721
united-arab-emirates,United Arab Emirates,mirdif,Mirdif,25.22443,55.41412
united-arab-emirates,United Arab Emirates,hawr-al-anz,Hawr al ‘Anz,25.27744,55.33675
united-arab-emirates,United Arab Emirates,mankhl,Mankhūl,25.24612,55.29222
united-arab-emirates,United Arab Emirates,br-sad,Būr Sa‘īd,25.261,55.33016
united-arab-emirates,United Arab Emirates,nyf,Nāyf,25.27139,55.30323
united-arab-emirates,United Arab Emirates,al-murar-al-qadm,Al Murar al Qadīm,25.27576,55.30738
united-arab-emirates,United Arab Emirates,ar-riqqah,Ar Riqqah,25.26797,55.31272
united-arab-emirates,United Arab Emirates,al-warqaa,Al Warqaa,25.19272,55.42013
united-arab-emirates,United Arab Emirates,international-city,International City,25.16383,55.40987
united-arab-emirates,United Arab Emirates,dubai-marina,Dubai Marina,25.08525,55.14646
united-arab-emirates,United Arab Emirates,dubai-sports-city,Dubai Sports City,25.03878,55.21725
united-arab-emirates,United Arab Emirates,dubai-internet-city,Dubai Internet City,25.09538,55.16171
united-arab-emirates,United Arab Emirates,al-sufouh,Al Sufouh,25.12015,55.18285
united-arab-emirates,United Arab Emirates,al-safa,Al Safa,25.17047,55.23336
united-arab-emirates,United Arab Emirates,ar-rumaylah,Ar Rumaylah,25.40338,55.4334
united-arab-emirates,United Arab Emirates,mushayrif,Mushayrif,25.40977,55.47106
united-arab-emirates,United Arab Emirates,al-jurf,Al Jurf,25.41814,55.50791
united-arab-emirates,United Arab Emirates,al-majaz,Al Majaz,25.32354,55.38774
united-arab-emirates,United Arab Emirates,as-sawah-sharq,As Saţwah Sharq,25.23796,55.28678
united-arab-emirates,United Arab Emirates,dubai-festival-city,Dubai Festival City,25.22177,55.35733
united-arab-emirates,United Arab Emirates,dubai-international-financial-centre,Dubai International Financial Centre,25.2106,55.27787
united-arab-emirates,United Arab Emirates,downtown-dubai,Downtown Dubai,25.19408,55.2781
united-arab-emirates,United Arab Emirates,dubai-investments-park,Dubai Investments Park,25.00827,55.15682
united-arab-emirates,United Arab Emirates,jebel-ali,Jebel Ali,25.00255,55.10811
united-arab-emirates,United Arab Emirates,bani-yas-city,Bani Yas City,24.30978,54.62944
united-arab-emirates,United Arab Emirates,musaffah,Musaffah,24.35893,54.48267
united-arab-emirates,United Arab Emirates,al-shamkhah-city,Al Shamkhah City,24.39268,54.70779
united-arab-emirates,United Arab Emirates,reef-al-fujairah-city,Reef Al Fujairah City,25.14479,56.24764
united-arab-emirates,United Arab Emirates,al-wiqan,Al Wiqan,23.75355,55.32739
united-arab-emirates,United Arab Emirates,al-faqaa,Al Faqaa,24.71242,55.67048
united-arab-emirates,United Arab Emirates,shabiyyat-al-hiyar,Sha'biyyat Al Hiyar,24.58242,55.7467
united-arab-emirates,United Arab Emirates,shabiyyat-milhah,Sha'biyyat Milе̄hah,25.13518,55.8843
united-arab-emirates,United Arab Emirates,umm-al-sheif,Umm Al Sheif,25.13227,55.20567
united-arab-emirates,United Arab Emirates,al-badaa,Al Bada'a,25.22462,55.26888
united-arab-emirates,United Arab Emirates,al-muteena,Al Muteena,25.27375,55.32265
united-arab-emirates,United Arab Emirates,al-mizhar-first,Al Mizhar First,25.24805,55.44128
united-arab-emirates,United Arab Emirates,al-mizhar-second,Al Mizhar Second,25.24332,55.4619
united-arab-emirates,United Arab Emirates,dubai-silicon-oasis,Dubai Silicon Oasis,25.11985,55.38718
united-arab-emirates,United Arab Emirates,dubai-motor-city,Dubai Motor City,25.04593,55.24102
united-arab-emirates,United Arab Emirates,damac-hills,DAMAC Hills,25.02924,55.25277
united-arab-emirates,United Arab Emirates,al-furjan,Al Furjan,25.02651,55.14565
united-arab-emirates,United Arab Emirates,business-bay,Business Bay,25.18544,55.26969
united-arab-emirates,United Arab Emirates,al-qusais-1,Al Qusais 1,25.27925,55.36995
united-arab-emirates,United Arab Emirates,al-twar-3,Al Twar 3,25.25159,55.39408
united-arab-emirates,United Arab Emirates,al-khabaisi,Al Khabaisi,25.26628,55.33379
united-arab-emirates,United Arab Emirates,al-khawaneej-1,Al Khawaneej 1,25.24882,55.48545
united-arab-emirates,United Arab Emirates,halwan,Halwan,25.34586,55.42165
united-arab-emirates,United Arab Emirates,al-sajaah,Al Sajaah,25.31532,55.63211
united-arab-emirates,United Arab Emirates,lahbab,Lahbab,25.03763,55.59135
united-arab-emirates,United Arab Emirates,al-madam,Al Madam,24.97355,55.77781
united-arab-emirates,United Arab Emirates,al-raafah,Al Raafah,25.55073,55.68619
united-arab-emirates,United Arab Emirates,mohammed-bin-zayed-city,Mohammed Bin Zayed City,24.34794,54.55368
australia,Australia,york,York,-31.88809,116.7678
australia,Australia,yanchep,Yanchep,-31.54678,115.63171
australia,Australia,yallingup,Yallingup,-33.64592,115.03514
australia,Australia,wundowie,Wundowie,-31.76163,116.3799
australia,Australia,wooroloo,Wooroloo,-31.8038,116.31311
australia,Australia,woodville,Woodville,-34.877,138.54291
australia,Australia,woodside,Woodside,-34.95433,138.87901
australia,Australia,wiluna,Wiluna,-26.5921,120.22402
australia,Australia,willunga,Willunga,-35.27127,138.55417
australia,Australia,williamstown,Williamstown,-34.6721,138.89108
australia,Australia,willaston,Willaston,-34.5864,138.74124
australia,Australia,whyalla,Whyalla,-33.03268,137.56483
australia,Australia,wembley,Wembley,-31.93308,115.81783
australia,Australia,wellard,Wellard,-32.26667,115.83333
australia,Australia,wayville,Wayville,-34.94468,138.59132
australia,Australia,waterloo-corner,Waterloo Corner,-34.71667,138.58333
australia,Australia,waroona,Waroona,-32.84323,115.92201
australia,Australia,wanneroo,Wanneroo,-31.75,115.8
australia,Australia,wallaroo,Wallaroo,-33.93881,137.63365
australia,Australia,waikerie,Waikerie,-34.18178,139.98552
australia,Australia,wagin,Wagin,-33.30894,117.34328
australia,Australia,waggrakine,Waggrakine,-28.71883,114.63924
australia,Australia,virginia,Virginia,-34.6663,138.56027
australia,Australia,victor-harbor,Victor Harbor,-35.55042,138.62154
australia,Australia,vasse,Vasse,-33.69337,115.2678
australia,Australia,utakarra,Utakarra,-28.78333,114.65
australia,Australia,unley,Unley,-34.95,138.6
australia,Australia,two-wells,Two Wells,-34.59327,138.51367
australia,Australia,tumby-bay,Tumby Bay,-34.3773,136.10065
australia,Australia,trigg,Trigg,-31.86939,115.7571
australia,Australia,toodyay,Toodyay,-31.54977,116.46743
australia,Australia,thebarton,Thebarton,-34.91667,138.56667
australia,Australia,tennant-creek,Tennant Creek,-19.6497,134.19147
australia,Australia,tea-tree-gully,Tea Tree Gully,-34.81667,138.73333
australia,Australia,tanunda,Tanunda,-34.52336,138.95982
australia,Australia,tailem-bend,Tailem Bend,-35.25226,139.45546
australia,Australia,swan-view,Swan View,-31.88333,116.05
australia,Australia,swanbourne,Swanbourne,-31.96878,115.7673
australia,Australia,subiaco,Subiaco,-31.9485,115.8268
australia,Australia,sturt,Sturt,-35.02303,138.55476
australia,Australia,streaky-bay,Streaky Bay,-32.79554,134.20928
australia,Australia,strathalbyn,Strathalbyn,-35.25979,138.89247
australia,Australia,stoneville,Stoneville,-31.8783,116.17072
australia,Australia,stirling,Stirling,-35.0022,138.71956
australia,Australia,spearwood,Spearwood,-32.10534,115.77797
australia,Australia,south-perth,South Perth,-31.98333,115.86667
australia,Australia,solomontown,Solomontown,-33.1853,138.02364
australia,Australia,smithfield,Smithfield,-34.68333,138.68333
australia,Australia,denham,Denham,-25.92679,113.53327
australia,Australia,serpentine,Serpentine,-32.36051,115.97723
australia,Australia,semaphore,Semaphore,-34.83934,138.48228
australia,Australia,seaton,Seaton,-34.9,138.51667
australia,Australia,seaford,Seaford,-35.1898,138.47589
australia,Australia,scarborough,Scarborough,-31.89578,115.76431
australia,Australia,salisbury,Salisbury,-34.76667,138.63333
australia,Australia,safety-bay,Safety Bay,-32.30463,115.74213
australia,Australia,roxby-downs,Roxby Downs,-30.56305,136.89546
australia,Australia,roleystone,Roleystone,-32.11458,116.0706
australia,Australia,rockingham,Rockingham,-32.27682,115.72978
australia,Australia,robe,Robe,-37.16387,139.76026
australia,Australia,maida-vale,Maida Vale,-31.95187,116.02764
australia,Australia,reynella,Reynella,-35.09372,138.53082
australia,Australia,quorn,Quorn,-32.34676,138.04176
australia,Australia,quindalup,Quindalup,-33.6356,115.14899
australia,Australia,prospect,Prospect,-34.88241,138.5933
australia,Australia,port-willunga,Port Willunga,-35.26181,138.46436
australia,Australia,port-pirie,Port Pirie,-33.19176,138.01746
australia,Australia,port-noarlunga,Port Noarlunga,-35.14802,138.47099
australia,Australia,moonta-bay,Moonta Bay,-34.05,137.56667
australia,Australia,port-lincoln,Port Lincoln,-34.72625,135.87442
australia,Australia,port-hedland,Port Hedland,-20.31215,118.61059
australia,Australia,port-elliot,Port Elliot,-35.53017,138.67922
australia,Australia,port-broughton,Port Broughton,-33.6007,137.93597
australia,Australia,port-augusta-west,Port Augusta West,-32.48611,137.75833
australia,Australia,port-augusta,Port Augusta,-32.49597,137.77281
australia,Australia,port-adelaide,Port Adelaide,-34.8462,138.50302
australia,Australia,plympton,Plympton,-34.962,138.55496
australia,Australia,pinjarra,Pinjarra,-32.6298,115.87351
australia,Australia,peterborough,Peterborough,-32.97205,138.84073
australia,Australia,perth,Perth,-31.95224,115.8614
australia,Australia,pemberton,Pemberton,-34.44311,116.03689
australia,Australia,pearce,Pearce,-31.66667,116.01667
australia,Australia,parkerville,Parkerville,-31.87472,116.138
australia,Australia,parap,Parap,-12.43054,130.84142
australia,Australia,onslow,Onslow,-21.63764,115.11221
australia,Australia,one-tree-hill,One Tree Hill,-34.7,138.76667
australia,Australia,ohalloran-hill,O’Halloran Hill,-35.06667,138.55
australia,Australia,nuriootpa,Nuriootpa,-34.46825,138.99767
australia,Australia,nullagine,Nullagine,-21.88972,120.1114
australia,Australia,north-fremantle,North Fremantle,-32.03333,115.75
australia,Australia,northfield,Northfield,-34.84979,138.6255
australia,Australia,north-beach,North Beach,-31.86298,115.75624
australia,Australia,northam,Northam,-31.64932,116.67423
australia,Australia,normanville,Normanville,-35.44623,138.3213
australia,Australia,old-noarlunga,Old Noarlunga,-35.18209,138.50138
australia,Australia,nhulunbuy,Nhulunbuy,-12.18165,136.77841
australia,Australia,newman,Newman,-23.35644,119.73553
australia,Australia,nedlands,Nedlands,-31.98184,115.8073
australia,Australia,narrogin,Narrogin,-32.93282,117.17763
australia,Australia,nairne,Nairne,-35.0345,138.91154
australia,Australia,mylor,Mylor,-35.04303,138.759
australia,Australia,murray-bridge,Murray Bridge,-35.11986,139.27345
australia,Australia,mundijong,Mundijong,-32.29217,115.98564
australia,Australia,mundaring,Mundaring,-31.9021,116.16757
australia,Australia,mount-isa,Mount Isa,-20.72523,139.49727
australia,Australia,mount-helena,Mount Helena,-31.87606,116.21025
australia,Australia,mount-compass,Mount Compass,-35.34685,138.62032
australia,Australia,mount-barker,Mount Barker,-35.06667,138.86667
australia,Australia,mosman-park,Mosman Park,-32.00538,115.7638
australia,Australia,morphett-vale,Morphett Vale,-35.13333,138.51667
australia,Australia,moora,Moora,-30.64003,116.00365
australia,Australia,modbury,Modbury,-34.83333,138.68333
australia,Australia,moana,Moana,-35.19394,138.47614
australia,Australia,mitcham,Mitcham,-34.97892,138.62184
australia,Australia,minlaton,Minlaton,-34.77101,137.59576
australia,Australia,midland,Midland,-31.88909,116.0107
australia,Australia,middleton,Middleton,-35.51047,138.70377
australia,Australia,middle-swan,Middle Swan,-31.85,116.01667
australia,Australia,merredin,Merredin,-31.48094,118.27448
australia,Australia,meningie,Meningie,-35.68637,139.34007
australia,Australia,medina,Medina,-32.23406,115.79901
australia,Australia,meadows,Meadows,-35.18021,138.7625
australia,Australia,mclaren-vale,McLaren Vale,-35.21895,138.54326
australia,Australia,mclaren-flat,McLaren Flat,-35.21667,138.58333
australia,Australia,maylands,Maylands,-31.93097,115.89486
australia,Australia,marion,Marion,-35.00423,138.55313
australia,Australia,marino,Marino,-35.04468,138.51236
australia,Australia,margaret-river,Margaret River,-33.95504,115.07599
australia,Australia,marble-bar,Marble Bar,-21.17067,119.74441
australia,Australia,mannum,Mannum,-34.91529,139.30325
australia,Australia,manning,Manning,-32.01594,115.86714
australia,Australia,manjimup,Manjimup,-34.24122,116.14564
australia,Australia,maningrida,Maningrida,-12.0483,134.22941
australia,Australia,mandurah,Mandurah,-32.5269,115.7217
australia,Australia,maitland,Maitland,-34.37386,137.67333
australia,Australia,maddington,Maddington,-32.05,115.98333
australia,Australia,macclesfield,Macclesfield,-35.17182,138.83589
australia,Australia,lyndoch,Lyndoch,-34.60124,138.89094
australia,Australia,lower-chittering,Lower Chittering,-31.58333,116.11667
australia,Australia,lobethal,Lobethal,-34.90455,138.87477
australia,Australia,littlehampton,Littlehampton,-35.04225,138.86423
australia,Australia,lewiston,Lewiston,-34.60449,138.59125
australia,Australia,leonora,Leonora,-28.88509,121.33074
australia,Australia,laverton,Laverton,-28.62531,122.3994
australia,Australia,largs-bay,Largs Bay,-34.82582,138.48619
australia,Australia,kwinana,Kwinana,-32.23013,115.78128
australia,Australia,kununurra,Kununurra,-15.77825,128.74208
australia,Australia,kojonup,Kojonup,-33.8305,117.15946
australia,Australia,kingston-south-east,Kingston South East,-36.83073,139.8522
canada,Canada,100-mile-house,100 Mile House,51.64982,-121.28594
canada,Canada,abbotsford,Abbotsford,49.05798,-122.25257
canada,Canada,acadia,Acadia,50.97172,-114.05688
canada,Canada,acton-vale,Acton Vale,45.65007,-72.56582
canada,Canada,adstock,Adstock,46.05007,-71.08235
canada,Canada,agassiz,Agassiz,49.23298,-121.76926
canada,Canada,agincourt-north,Agincourt North,43.80418,-79.27528
canada,Canada,ahuntsic-cartierville,Ahuntsic-Cartierville,45.56667,-73.66667
canada,Canada,airdrie,Airdrie,51.30011,-114.03528
canada,Canada,ajax,Ajax,43.85012,-79.03288
canada,Canada,albanel,Albanel,48.88324,-72.44867
canada,Canada,alberton,Alberton,46.81685,-64.06542
canada,Canada,alderwood,Alderwood,43.60348,-79.54604
canada,Canada,alliston,Alliston,44.15011,-79.86635
canada,Canada,alma,Alma,48.55009,-71.6491
canada,Canada,altadore,Altadore,51.01651,-114.10323
canada,Canada,altona,Altona,49.10469,-97.55961
canada,Canada,amherst,Amherst,45.83345,-64.19874
canada,Canada,amherstburg,Amherstburg,42.10009,-83.09985
canada,Canada,amigo-beach,Amigo Beach,44.6919,-79.39317
canada,Canada,amos,Amos,48.56688,-78.11624
canada,Canada,ange-gardien,Ange-Gardien,45.35008,-72.93244
canada,Canada,angus,Angus,44.31681,-79.88295
canada,Canada,anmore,Anmore,49.31637,-122.85263
canada,Canada,antigonish,Antigonish,45.61685,-61.99858
canada,Canada,applewood-park,Applewood Park,51.04306,-113.925
canada,Canada,arbour-lake,Arbour Lake,51.13472,-114.20278
canada,Canada,arbutus-ridge,Arbutus Ridge,49.24966,-123.16934
canada,Canada,armstrong,Armstrong,50.44979,-119.20235
canada,Canada,arnprior,Arnprior,45.43341,-76.34939
canada,Canada,arviat,Arviat,61.10883,-94.05848
canada,Canada,val-des-sources,Val-des-Sources,45.76678,-71.9324
canada,Canada,ashcroft,Ashcroft,50.72372,-121.28207
canada,Canada,assiniboia,Assiniboia,49.63336,-105.98446
canada,Canada,athabasca,Athabasca,54.71687,-113.28537
canada,Canada,atikokan,Atikokan,48.75667,-91.62409
canada,Canada,attawapiskat,Attawapiskat,52.92774,-82.41669
canada,Canada,aurora,Aurora,44.00011,-79.46632
canada,Canada,aylmer,Aylmer,42.76679,-80.98302
canada,Canada,ayr,Ayr,43.2834,-80.44968
canada,Canada,azilda,Azilda,46.55008,-81.09975
canada,Canada,baie-comeau,Baie-Comeau,49.21679,-68.14894
canada,Canada,baie-durf,Baie-D'Urfé,45.41397,-73.91586
canada,Canada,ballantrae,Ballantrae,44.03342,-79.2996
canada,Canada,balls-creek,Balls Creek,46.15,-60.31118
canada,Canada,bancroft,Bancroft,45.05752,-77.85702
canada,Canada,banff,Banff,51.17622,-115.56982
canada,Canada,banff-trail,Banff Trail,51.0743,-114.11242
canada,Canada,bankview,Bankview,51.03333,-114.1
canada,Canada,barraute,Barraute,48.43349,-77.63279
canada,Canada,barrhead,Barrhead,54.13345,-114.40211
canada,Canada,barrie,Barrie,44.40011,-79.66634
canada,Canada,barrire,Barrière,51.18308,-120.1192
canada,Canada,bassano,Bassano,50.78998,-112.46805
canada,Canada,bath,Bath,44.18342,-76.78273
canada,Canada,bay-roberts,Bay Roberts,47.59989,-53.26478
canada,Canada,bay-st-george-south,Bay St. George South,48.22781,-58.84162
canada,Canada,bayview-village,Bayview Village,43.77639,-79.38028
canada,Canada,beaconsfield,Beaconsfield,45.43341,-73.86586
canada,Canada,beauharnois,Beauharnois,45.31341,-73.8725
canada,Canada,beaumont,Beaumont,53.35013,-113.41871
canada,Canada,beausejour,Beausejour,50.0622,-96.51669
canada,Canada,beaverlodge,Beaverlodge,55.21664,-119.43605
canada,Canada,bcancour,Bécancour,46.34106,-72.43224
canada,Canada,beddington-heights,Beddington Heights,51.12917,-114.07917
canada,Canada,bedford,Bedford,45.11678,-72.98244
canada,Canada,belfast,Belfast,46.08341,-62.88197
canada,Canada,belleville,Belleville,44.16682,-77.38277
canada,Canada,bells-corners,Bells Corners,45.31588,-75.83012
canada,Canada,belmont,Belmont,42.88339,-81.08303
canada,Canada,beloeil,Beloeil,45.56839,-73.20568
canada,Canada,bendale,Bendale,43.76681,-79.25326
canada,Canada,berthierville,Berthierville,46.08336,-73.18245
canada,Canada,berwick,Berwick,45.05015,-64.73208
canada,Canada,biggar,Biggar,52.05978,-107.98844
canada,Canada,binbrook,Binbrook,43.12135,-79.81104
canada,Canada,black-diamond,Black Diamond,50.68771,-114.23241
canada,Canada,blackfalds,Blackfalds,52.38342,-113.7853
canada,Canada,blainville,Blainville,45.66678,-73.88249
canada,Canada,bluewater,Bluewater,43.46679,-81.59977
canada,Canada,boisbriand,Boisbriand,45.61678,-73.83249
canada,Canada,bois-des-filion,Bois-des-Filion,45.66678,-73.74918
canada,Canada,boissevain,Boissevain,49.23062,-100.05586
canada,Canada,bon-accord,Bon Accord,53.83345,-113.41872
canada,Canada,bonavista,Bonavista,48.64989,-53.11474
canada,Canada,bonnyville,Bonnyville,54.26684,-110.73505
canada,Canada,botwood,Botwood,49.14994,-55.34819
canada,Canada,boucherville,Boucherville,45.59104,-73.43605
canada,Canada,bouctouche,Bouctouche,46.46844,-64.73905
canada,Canada,bourget,Bourget,45.43475,-75.16028
canada,Canada,bowen-island,Bowen Island,49.3847,-123.33622
canada,Canada,bow-island,Bow Island,49.86676,-111.36843
canada,Canada,bowness,Bowness,51.08344,-114.16866
canada,Canada,bracebridge,Bracebridge,45.03341,-79.31633
canada,Canada,braeside,Braeside,50.95421,-114.10538
canada,Canada,brampton,Brampton,43.68341,-79.76633
canada,Canada,brandon,Brandon,49.84692,-99.95306
canada,Canada,brant,Brant,43.1334,-80.34967
canada,Canada,brantford,Brantford,43.1334,-80.26636
canada,Canada,brentwood,Brentwood,51.09813,-114.13319
canada,Canada,bridgewater,Bridgewater,44.37856,-64.51882
canada,Canada,bridlewood,Bridlewood,50.89979,-114.10812
canada,Canada,brockville,Brockville,44.59132,-75.68705
canada,Canada,bromont,Bromont,45.31678,-72.64912
canada,Canada,brooks,Brooks,50.58341,-111.88509
canada,Canada,brossard,Brossard,45.45008,-73.46583
canada,Canada,brownsburg-chatham,Brownsburg-Chatham,45.68342,-74.4159
canada,Canada,brussels,Brussels,43.74316,-81.24998
canada,Canada,burford,Burford,43.10292,-80.42869
canada,Canada,burgeo,Burgeo,47.61668,-57.61516
canada,Canada,burlington,Burlington,43.38621,-79.83713
canada,Canada,burnaby,Burnaby,49.26636,-122.95263
canada,Canada,burns-lake,Burns Lake,54.22972,-125.76084
canada,Canada,cache-creek,Cache Creek,50.81011,-121.3246
canada,Canada,caledon,Caledon,43.86544,-79.99322
canada,Canada,calgary,Calgary,51.05011,-114.08529
canada,Canada,calmar,Calmar,53.26683,-113.81874
canada,Canada,cambrian-heights,Cambrian Heights,51.08638,-114.09027
canada,Canada,cambridge,Cambridge,43.3601,-80.31269
canada,Canada,cambridge-bay,Cambridge Bay,69.11489,-105.05484
canada,Canada,camlachie,Camlachie,43.03596,-82.1616
canada,Canada,campbell-river,Campbell River,50.01634,-125.24459
canada,Canada,camrose,Camrose,53.01684,-112.83525
canada,Canada,candiac,Candiac,45.38338,-73.51587
canada,Canada,canmore,Canmore,51.08335,-115.35206
canada,Canada,canora,Canora,51.63328,-102.43425
canada,Canada,cantley,Cantley,45.5668,-75.78265
canada,Canada,canyon-meadows,Canyon Meadows,50.94285,-114.08092
canada,Canada,cap-chat,Cap-Chat,49.09736,-66.68514
canada,Canada,cape-dorset,Cape Dorset,64.23378,-76.54372
canada,Canada,capitol-hill,Capitol Hill,51.07031,-114.09559
canada,Canada,capreol,Capreol,46.70626,-80.92109
canada,Canada,carberry,Carberry,49.86893,-99.36021
canada,Canada,carbonear,Carbonear,47.73919,-53.2272
canada,Canada,cardston,Cardston,49.19998,-113.3019
canada,Canada,carignan,Carignan,45.45008,-73.29916
canada,Canada,carleton-place,Carleton Place,45.13341,-76.14938
canada,Canada,carlyle,Carlyle,49.63334,-102.26765
canada,Canada,carman,Carman,49.4992,-98.00156
canada,Canada,carstairs,Carstairs,51.56681,-114.102
canada,Canada,casselman,Casselman,45.3168,-75.0826
canada,Canada,castlegar,Castlegar,49.32317,-117.65831
canada,Canada,castleridge,Castleridge,51.10556,-113.95556
canada,Canada,cedar,Cedar,49.11633,-123.8527
canada,Canada,cedarbrae,Cedarbrae,50.95648,-114.12975
canada,Canada,central-business-district,Central Business District,52.13032,-106.66228
canada,Canada,chambly,Chambly,45.45008,-73.28246
canada,Canada,chambord,Chambord,48.43339,-72.06583
canada,Canada,channel-port-aux-basques,Channel-Port aux Basques,47.57286,-59.13808
canada,Canada,chapais,Chapais,49.78344,-74.84919
switzerland,Switzerland,zwingen,Zwingen,47.43825,7.53027
switzerland,Switzerland,zweisimmen,Zweisimmen,46.55539,7.37302
switzerland,Switzerland,zuzwil,Zuzwil,47.47452,9.11196
switzerland,Switzerland,bad-zurzach,Bad Zurzach,47.58764,8.29365
switzerland,Switzerland,zrich,Zürich,47.36667,8.55
switzerland,Switzerland,zuoz,Zuoz,46.60206,9.95965
switzerland,Switzerland,zunzgen,Zunzgen,47.44925,7.80789
switzerland,Switzerland,zumikon,Zumikon,47.33158,8.62271
switzerland,Switzerland,zug,Zug,47.17242,8.51745
switzerland,Switzerland,zuchwil,Zuchwil,47.20173,7.56649
switzerland,Switzerland,zollikon,Zollikon,47.34019,8.57407
switzerland,Switzerland,zollikofen,Zollikofen,46.99905,7.45809
switzerland,Switzerland,zofingen,Zofingen,47.28779,7.94586
switzerland,Switzerland,zizers,Zizers,46.93575,9.56491
switzerland,Switzerland,zernez,Zernez,46.69862,10.09268
switzerland,Switzerland,zermatt,Zermatt,46.01998,7.74863
switzerland,Switzerland,zell,Zell,47.13673,7.92495
switzerland,Switzerland,zziwil,Zäziwil,46.90196,7.66185
switzerland,Switzerland,yvonand,Yvonand,46.80034,6.74249
switzerland,Switzerland,yverdon-les-bains,Yverdon-les-Bains,46.77852,6.64115
switzerland,Switzerland,wyssachen,Wyssachen,47.07851,7.82922
switzerland,Switzerland,wynigen,Wynigen,47.10586,7.66681
switzerland,Switzerland,wynau,Wynau,47.2557,7.81626
switzerland,Switzerland,wrenlos,Würenlos,47.44205,8.36261
switzerland,Switzerland,wrenlingen,Würenlingen,47.53356,8.25666
switzerland,Switzerland,worben,Worben,47.10279,7.29518
switzerland,Switzerland,worb,Worb,46.92984,7.56306
switzerland,Switzerland,wollerau,Wollerau,47.19478,8.71903
switzerland,Switzerland,wolhusen,Wolhusen,47.05983,8.07389
switzerland,Switzerland,wolfwil,Wolfwil,47.26871,7.79652
switzerland,Switzerland,wlflinswil,Wölflinswil,47.4607,7.99835
switzerland,Switzerland,wolfenschiessen,Wolfenschiessen,46.90322,8.39423
switzerland,Switzerland,wohlen,Wohlen,47.35066,8.27517
switzerland,Switzerland,wittnau,Wittnau,47.48139,7.97577
switzerland,Switzerland,wittenbach,Wittenbach,47.46108,9.38601
switzerland,Switzerland,zrich-kreis-7-witikon,Zürich (Kreis 7) / Witikon,47.35751,8.59105
switzerland,Switzerland,winterthur,Winterthur,47.50564,8.72413
switzerland,Switzerland,windisch,Windisch,47.47899,8.21842
switzerland,Switzerland,wimmis,Wimmis,46.67587,7.63972
switzerland,Switzerland,willisau,Willisau,47.12183,7.99418
switzerland,Switzerland,wildhaus,Wildhaus,47.20583,9.35402
switzerland,Switzerland,wilderswil,Wilderswil,46.66369,7.86175
switzerland,Switzerland,wilchingen,Wilchingen,47.66745,8.46774
switzerland,Switzerland,wila,Wila,47.41928,8.84524
switzerland,Switzerland,wil,Wil,47.46152,9.04552
switzerland,Switzerland,wikon,Wikon,47.26339,7.96801
switzerland,Switzerland,wigoltingen,Wigoltingen,47.5977,9.03141
switzerland,Switzerland,wiesendangen-wiesendangen-dorf,Wiesendangen / Wiesendangen (Dorf),47.5217,8.78967
switzerland,Switzerland,wiedlisbach,Wiedlisbach,47.25194,7.6461
switzerland,Switzerland,zrich-kreis-3-alt-wiedikon,Zürich (Kreis 3) / Alt-Wiedikon,47.36201,8.51497
switzerland,Switzerland,wetzikon,Wetzikon,47.3264,8.79779
switzerland,Switzerland,wettingen,Wettingen,47.46606,8.32663
switzerland,Switzerland,werthenstein,Werthenstein,47.05578,8.10182
switzerland,Switzerland,welschenrohr,Welschenrohr,47.28052,7.52664
switzerland,Switzerland,weisslingen,Weisslingen,47.43063,8.76787
switzerland,Switzerland,weiningen,Weiningen,47.42022,8.43644
switzerland,Switzerland,weinfelden,Weinfelden,47.56667,9.1
switzerland,Switzerland,weggis,Weggis,47.03208,8.43219
switzerland,Switzerland,wegenstetten,Wegenstetten,47.49797,7.93141
switzerland,Switzerland,weesen,Weesen,47.13447,9.09644
switzerland,Switzerland,wauwil,Wauwil,47.18457,8.021
switzerland,Switzerland,wattwil,Wattwil,47.29955,9.08657
switzerland,Switzerland,wattenwil,Wattenwil,46.76973,7.50835
switzerland,Switzerland,wngi,Wängi,47.49654,8.95325
switzerland,Switzerland,wangen-an-der-aare,Wangen an der Aare,47.23208,7.65253
switzerland,Switzerland,wangen,Wangen,47.34365,7.86982
switzerland,Switzerland,walzenhausen,Walzenhausen,47.44867,9.60495
switzerland,Switzerland,waltenschwil,Waltenschwil,47.33339,8.29791
switzerland,Switzerland,wallisellen,Wallisellen,47.41499,8.59672
switzerland,Switzerland,walenstadt,Walenstadt,47.12411,9.31194
switzerland,Switzerland,walkringen,Walkringen,46.94856,7.6204
switzerland,Switzerland,waldstatt,Waldstatt,47.35627,9.28345
switzerland,Switzerland,waldkirch,Waldkirch,47.46859,9.28665
switzerland,Switzerland,waldenburg,Waldenburg,47.38333,7.75
switzerland,Switzerland,wald,Wald,47.27595,8.91405
switzerland,Switzerland,walchwil,Walchwil,47.10169,8.51693
switzerland,Switzerland,wahlen,Wahlen,47.40226,7.51511
switzerland,Switzerland,wagenhausen,Wagenhausen,47.66003,8.84782
switzerland,Switzerland,wdenswil,Wädenswil,47.22683,8.6687
switzerland,Switzerland,vuadens,Vuadens,46.61545,7.01732
switzerland,Switzerland,vouvry,Vouvry,46.33746,6.8895
switzerland,Switzerland,vorderthal,Vorderthal,47.12172,8.90225
switzerland,Switzerland,vordemwald,Vordemwald,47.27585,7.90114
switzerland,Switzerland,volketswil-volketswil-dorf,Volketswil / Volketswil (Dorf),47.39016,8.69085
switzerland,Switzerland,vitznau,Vitznau,47.01014,8.4842
switzerland,Switzerland,visperterminen,Visperterminen,46.25899,7.90192
switzerland,Switzerland,visp,Visp,46.2937,7.88149
switzerland,Switzerland,vionnaz,Vionnaz,46.31101,6.90062
switzerland,Switzerland,villnachern,Villnachern,47.47098,8.15975
switzerland,Switzerland,villmergen,Villmergen,47.35009,8.24762
switzerland,Switzerland,villigen,Villigen,47.52682,8.21486
switzerland,Switzerland,villeneuve,Villeneuve,46.39869,6.92654
switzerland,Switzerland,villaz-saint-pierre,Villaz-Saint-Pierre,46.72074,6.95638
switzerland,Switzerland,villars-sur-ollon,Villars-sur-Ollon,46.29832,7.05631
switzerland,Switzerland,villars-sur-glne,Villars-sur-Glâne,46.79054,7.11717
switzerland,Switzerland,viganello,Viganello,46.01342,8.96879
switzerland,Switzerland,vicques,Vicques,47.35,7.41342
switzerland,Switzerland,veyrier,Veyrier,46.16699,6.18436
switzerland,Switzerland,vex,Vex,46.21239,7.39826
germany,Germany,zwota,Zwota,50.35103,12.42241
germany,Germany,zwnitz,Zwönitz,50.63027,12.80999
germany,Germany,zwochau,Zwochau,51.46467,12.26844
germany,Germany,zwingenberg,Zwingenberg,49.72389,8.61084
germany,Germany,zwiesel,Zwiesel,49.01693,13.23765
germany,Germany,zwiefalten,Zwiefalten,48.23396,9.46232
germany,Germany,zwickau,Zwickau,50.72724,12.48839
germany,Germany,zwenkau,Zwenkau,51.21872,12.33008
germany,Germany,zweiflingen,Zweiflingen,49.25639,9.51806
germany,Germany,zweibrcken,Zweibrücken,49.24686,7.36977
germany,Germany,zuzenhausen,Zuzenhausen,49.29636,8.82254
germany,Germany,zssow,Züssow,53.97709,13.54855
germany,Germany,zusmarshausen,Zusmarshausen,48.40014,10.59917
germany,Germany,zusamaltheim,Zusamaltheim,48.53104,10.63562
germany,Germany,zurow,Zurow,53.86429,11.61434
germany,Germany,zlpich,Zülpich,50.69447,6.65414
germany,Germany,zschortau,Zschortau,51.4793,12.35893
germany,Germany,zschornewitz,Zschornewitz,51.71585,12.39998
germany,Germany,zschorlau,Zschorlau,50.56667,12.65
germany,Germany,zschopau,Zschopau,50.74818,13.07691
germany,Germany,zscherndorf,Zscherndorf,51.61087,12.26755
germany,Germany,zscherben,Zscherben,51.46709,11.87058
germany,Germany,zschepplin,Zschepplin,51.5,12.6
germany,Germany,zschadrass,Zschadrass,51.13828,12.81848
germany,Germany,zossen,Zossen,52.216,13.44909
germany,Germany,zschen,Zöschen,51.35802,12.11652
germany,Germany,zornheim,Zornheim,49.89,8.22472
germany,Germany,zorneding,Zorneding,48.08433,11.82446
germany,Germany,zorge,Zorge,51.63333,10.63333
germany,Germany,zrbig,Zörbig,51.62894,12.1174
germany,Germany,zons,Zons,51.12364,6.84468
germany,Germany,zolling,Zolling,48.45,11.76667
germany,Germany,zblitz,Zöblitz,50.65912,13.22981
germany,Germany,zittau,Zittau,50.89772,14.80764
germany,Germany,zirndorf,Zirndorf,49.4424,10.95414
germany,Germany,ostseebad-zinnowitz,Ostseebad Zinnowitz,54.07668,13.91127
germany,Germany,zinna,Zinna,51.5679,12.95354
germany,Germany,zingst,Zingst,54.43572,12.6888
germany,Germany,zimmern-ob-rottweil,Zimmern ob Rottweil,48.1666,8.59436
germany,Germany,ziltendorf,Ziltendorf,52.20608,14.62411
germany,Germany,ziesendorf,Ziesendorf,53.99433,12.03933
germany,Germany,ziesar,Ziesar,52.26616,12.28997
germany,Germany,ziertheim,Ziertheim,48.65244,10.39882
germany,Germany,zierenberg,Zierenberg,51.36948,9.30164
germany,Germany,ziemetshausen,Ziemetshausen,48.29244,10.53503
germany,Germany,zielitz,Zielitz,52.28958,11.67572
germany,Germany,zeven,Zeven,53.29657,9.27685
germany,Germany,zeuthen,Zeuthen,52.34803,13.62174
germany,Germany,zeulenroda,Zeulenroda,50.65278,11.98377
germany,Germany,zetel,Zetel,53.41667,7.98333
germany,Germany,zernien,Zernien,53.06845,10.88325
germany,Germany,zerf,Zerf,49.6,6.68333
germany,Germany,zerbst,Zerbst,51.9662,12.08517
germany,Germany,zeppelinheim,Zeppelinheim,50.03538,8.61333
germany,Germany,zenting,Zenting,48.79128,13.25968
germany,Germany,zemmer,Zemmer,49.9,6.7
germany,Germany,zell-unter-aichelberg,Zell unter Aichelberg,48.64882,9.57137
germany,Germany,zellingen,Zellingen,49.89737,9.81746
germany,Germany,zell-im-wiesental,Zell im Wiesental,47.70555,7.85248
germany,Germany,zell-am-main,Zell am Main,49.81214,9.86962
germany,Germany,zella-mehlis,Zella-Mehlis,50.65642,10.66046
germany,Germany,zell-im-fichtelgebirge,Zell im Fichtelgebirge,50.13532,11.82266
germany,Germany,zell,Zell,50.02918,7.18232
germany,Germany,zeitz,Zeitz,51.04962,12.1369
germany,Germany,zeitlofs,Zeitlofs,50.26189,9.67243
germany,Germany,zeitlarn,Zeitlarn,49.07848,12.11174
germany,Germany,zeithain,Zeithain,51.33356,13.33809
germany,Germany,zeiskam,Zeiskam,49.23278,8.24722
germany,Germany,zeilarn,Zeilarn,48.30003,12.8426
germany,Germany,zeil,Zeil,50.00986,10.5947
germany,Germany,zehlendorf,Zehlendorf,52.43333,13.25
germany,Germany,zehdenick,Zehdenick,52.97852,13.33165
germany,Germany,zarrentin,Zarrentin,53.55075,10.9155
germany,Germany,zarrendorf,Zarrendorf,54.23689,13.10094
germany,Germany,zarpen,Zarpen,53.86667,10.51667
germany,Germany,zappendorf,Zappendorf,51.51024,11.79514
germany,Germany,zapfendorf,Zapfendorf,50.01783,10.93243
germany,Germany,zangberg,Zangberg,48.2748,12.42311
germany,Germany,zandt,Zandt,49.15,12.73333
germany,Germany,zaisenhausen,Zaisenhausen,49.10667,8.81278
germany,Germany,zahna,Zahna,51.9141,12.78561
germany,Germany,zachenberg,Zachenberg,48.96667,13
germany,Germany,zaberfeld,Zaberfeld,49.05611,8.92694
germany,Germany,zabeltitz,Zabeltitz,51.35147,13.50462
germany,Germany,xanten,Xanten,51.65877,6.45297
germany,Germany,wyk-auf-fhr,Wyk auf Föhr,54.6914,8.56702
germany,Germany,wyhl,Wyhl,48.16617,7.64917
germany,Germany,wutschingen,Wutöschingen,47.66019,8.36755
germany,Germany,wustrow,Wustrow,53.47765,13.15569
germany,Germany,wusterwitz,Wusterwitz,52.36666,12.38488
germany,Germany,wustermark,Wustermark,52.55,12.95
germany,Germany,wusterhusen,Wusterhusen,54.11312,13.61608
germany,Germany,wusterhausen,Wusterhausen,52.8912,12.46021
germany,Germany,wstenrot,Wüstenrot,49.08083,9.46056
germany,Germany,wurzen,Wurzen,51.3707,12.73939
germany,Germany,wrzburg,Würzburg,49.79391,9.95121
germany,Germany,wurzbach,Wurzbach,50.46357,11.53779
germany,Germany,wrselen,Würselen,50.81809,6.1347
germany,Germany,wurmsham,Wurmsham,48.35,12.33333
germany,Germany,wurmlingen,Wurmlingen,48,8.78333
germany,Germany,wurmberg,Wurmberg,48.86667,8.81667
germany,Germany,wurmannsquick,Wurmannsquick,48.35334,12.78603
germany,Germany,wuppertal,Wuppertal,51.25627,7.14816
germany,Germany,wunstorf,Wunstorf,52.42377,9.43585
germany,Germany,wunsiedel,Wunsiedel,50.03923,12.00342
germany,Germany,wnschendorf,Wünschendorf,50.79662,12.09824
germany,Germany,bad-wnnenberg,Bad Wünnenberg,51.52002,8.69934
germany,Germany,wulsbttel,Wulsbüttel,53.31667,8.66667
germany,Germany,wlknitz,Wülknitz,51.36667,13.4
germany,Germany,wulkenzin,Wulkenzin,53.54445,13.16921
germany,Germany,wulften,Wulften,51.65999,10.17437
germany,Germany,wulfsen,Wulfsen,53.3,10.15
germany,Germany,wlfrath,Wülfrath,51.28195,7.03821
germany,Germany,wlfershausen,Wülfershausen,50.33201,10.34084
germany,Germany,wulfen,Wulfen,51.81938,11.93063
germany,Germany,wrist,Wrist,53.93333,9.76667
germany,Germany,wriezen,Wriezen,52.72091,14.13425
germany,Germany,wriedel,Wriedel,53.0313,10.29848
germany,Germany,wrestedt,Wrestedt,52.90435,10.57494
germany,Germany,wremen,Wremen,53.65,8.51667
germany,Germany,wssingen,Wössingen,49.01205,8.60754
germany,Germany,wrthsee,Wörthsee,48.0725,11.20175
germany,Germany,wrth-an-der-isar,Wörth an der Isar,48.623,12.33944
germany,Germany,wrth-an-der-donau,Wörth an der Donau,49.00093,12.40539
germany,Germany,wrth-am-rhein,Wörth am Rhein,49.04888,8.25959
germany,Germany,wrth-am-main,Wörth am Main,49.7972,9.15389
germany,Germany,wrt,Wört,49.03047,10.27239
germany,Germany,wrrstadt,Wörrstadt,49.84861,8.12417
germany,Germany,worringen,Worringen,51.065,6.85936
germany,Germany,worpswede,Worpswede,53.21667,8.93333
germany,Germany,worms,Worms,49.63278,8.35916
germany,Germany,wrlitz,Wörlitz,51.84172,12.42116
germany,Germany,woringen,Woringen,47.91667,10.2
germany,Germany,worbis,Worbis,51.41997,10.3633
germany,Germany,wonsees,Wonsees,49.97614,11.30047
germany,Germany,wonfurt,Wonfurt,50.01667,10.46667
germany,Germany,woltersdorf,Woltersdorf,52.95,11.21667
germany,Germany,wolsdorf,Wolsdorf,52.19098,10.93878
germany,Germany,wlpinghausen,Wölpinghausen,52.41667,9.23333
germany,Germany,wolpertswende,Wolpertswende,47.89471,9.61202
germany,Germany,wolpertshausen,Wolpertshausen,49.1675,9.84472
germany,Germany,wolnzach,Wolnzach,48.6038,11.62568
germany,Germany,wolmirstedt,Wolmirstedt,52.24856,11.62945
germany,Germany,wolmirsleben,Wolmirsleben,51.95,11.48333
germany,Germany,wllstein,Wöllstein,49.81667,7.96667
germany,Germany,wollmatingen,Wollmatingen,47.69226,9.14595
denmark,Denmark,vr,Vrå,57.3537,9.94176
denmark,Denmark,vordingborg,Vordingborg,55.00801,11.91057
denmark,Denmark,vorbasse,Vorbasse,55.62992,9.08239
denmark,Denmark,vojens,Vojens,55.24639,9.30603
denmark,Denmark,vodskov,Vodskov,57.10854,10.02215
denmark,Denmark,vissenbjerg,Vissenbjerg,55.38482,10.13784
denmark,Denmark,virklund,Virklund,56.13218,9.55582
denmark,Denmark,vipperd,Vipperød,55.66768,11.73967
denmark,Denmark,vindinge,Vindinge,55.62298,12.1387
denmark,Denmark,vinderup,Vinderup,56.48176,8.77991
denmark,Denmark,vindeby,Vindeby,55.04489,10.61309
denmark,Denmark,vildbjerg,Vildbjerg,56.2,8.76667
denmark,Denmark,vigerslev,Vigerslev,55.66288,12.48357
denmark,Denmark,videbk,Videbæk,56.0876,8.62852
denmark,Denmark,viby,Viby,55.54872,12.02391
denmark,Denmark,viborg,Viborg,56.45319,9.40201
denmark,Denmark,vggerlse,Væggerløse,54.71242,11.92545
denmark,Denmark,vester-skerninge,Vester-Skerninge,55.07322,10.45536
denmark,Denmark,vester-hassing,Vester Hassing,57.06767,10.12558
denmark,Denmark,vestbjerg,Vestbjerg,57.13166,9.95942
denmark,Denmark,vemb,Vemb,56.3423,8.33749
denmark,Denmark,veks,Veksø,55.75473,12.23837
denmark,Denmark,vejle,Vejle,55.70927,9.5357
denmark,Denmark,vejen,Vejen,55.48117,9.13795
denmark,Denmark,varde,Varde,55.62112,8.48069
denmark,Denmark,vanlse,Vanløse,55.68361,12.48713
denmark,Denmark,vamdrup,Vamdrup,55.42764,9.28435
denmark,Denmark,vallensbk,Vallensbæk,55.62199,12.38511
denmark,Denmark,valby,Valby,55.66613,12.51388
denmark,Denmark,vadum,Vadum,57.1179,9.857
denmark,Denmark,undlse,Undløse,55.60451,11.58826
denmark,Denmark,ulstrup,Ulstrup,56.38994,9.79354
denmark,Denmark,ullerslev,Ullerslev,55.36172,10.6519
denmark,Denmark,ulfborg,Ulfborg,56.26725,8.32167
denmark,Denmark,tylstrup,Tylstrup,57.1947,9.95308
denmark,Denmark,tune,Tune,55.59287,12.16968
denmark,Denmark,trrd,Trørød,55.83946,12.54432
denmark,Denmark,troense,Troense,55.03324,10.64361
denmark,Denmark,trige,Trige,56.25291,10.1484
denmark,Denmark,tranekr,Tranekær,54.9976,10.84381
denmark,Denmark,tranebjerg,Tranebjerg,55.8326,10.59723
denmark,Denmark,tranbjerg,Tranbjerg,56.09519,10.13605
denmark,Denmark,trring,Tørring,55.85,9.48333
denmark,Denmark,tnder,Tønder,54.93306,8.86674
denmark,Denmark,tllse,Tølløse,55.6125,11.77034
denmark,Denmark,tommerup-stationsby,Tommerup Stationsby,55.34535,10.17594
denmark,Denmark,tommerup,Tommerup,55.31952,10.20659
denmark,Denmark,toftlund,Toftlund,55.18858,9.06925
denmark,Denmark,tjreborg,Tjæreborg,55.46457,8.57968
denmark,Denmark,tisvilde,Tisvilde,56.05743,12.09752
denmark,Denmark,tistrup,Tistrup,55.72363,8.61028
denmark,Denmark,tinglev,Tinglev,54.93788,9.25547
denmark,Denmark,thyborn,Thyborøn,56.69846,8.21238
denmark,Denmark,thur-by,Thurø By,55.0474,10.66385
denmark,Denmark,thors,Thorsø,56.29953,9.78916
denmark,Denmark,thisted,Thisted,56.95523,8.69491
denmark,Denmark,them,Them,56.09426,9.54866
denmark,Denmark,taulov,Taulov,55.54582,9.61553
denmark,Denmark,taastrup,Taastrup,55.65006,12.3016
denmark,Denmark,trs,Tårs,57.38333,10.11667
denmark,Denmark,trnby,Tårnby,55.6303,12.60035
denmark,Denmark,tarm,Tarm,55.90861,8.53041
denmark,Denmark,svogerslev,Svogerslev,55.63423,12.01465
denmark,Denmark,svinninge,Svinninge,55.88306,11.60991
denmark,Denmark,svenstrup,Svenstrup,56.9723,9.84806
denmark,Denmark,svendborg,Svendborg,55.05982,10.60677
denmark,Denmark,svejbk,Svejbæk,56.13255,9.63289
denmark,Denmark,sveblle,Svebølle,55.65183,11.28658
denmark,Denmark,svaneke,Svaneke,55.13574,15.14139
denmark,Denmark,sunds,Sunds,56.20743,9.01386
denmark,Denmark,sulsted,Sulsted,57.16343,9.95667
denmark,Denmark,stubbekbing,Stubbekøbing,54.88875,12.04102
denmark,Denmark,struer,Struer,56.49205,8.59397
denmark,Denmark,strby-egede,Strøby Egede,55.41382,12.24502
denmark,Denmark,strib,Strib,55.54021,9.76748
denmark,Denmark,strandby,Strandby,57.4915,10.49609
denmark,Denmark,storvorde,Storvorde,57.00392,10.10125
denmark,Denmark,store-merlse,Store Merløse,55.54382,11.71303
denmark,Denmark,store-heddinge,Store Heddinge,55.30965,12.38885
denmark,Denmark,stvring,Støvring,56.88536,9.83839
denmark,Denmark,stoholm,Stoholm,56.48454,9.14617
denmark,Denmark,stilling,Stilling,56.06224,9.98822
denmark,Denmark,stige,Stige,55.43941,10.4094
denmark,Denmark,stensved,Stensved,54.99714,12.02983
denmark,Denmark,stenlse,Stenløse,55.76828,12.19723
denmark,Denmark,stenlille,Stenlille,55.53888,11.5912
denmark,Denmark,stege,Stege,54.98704,12.28461
denmark,Denmark,stavtrup,Stavtrup,56.13124,10.11987
denmark,Denmark,stavnsholt,Stavnsholt,55.81479,12.40545
denmark,Denmark,starup,Starup,55.24097,9.53503
denmark,Denmark,spentrup,Spentrup,56.53703,10.03792
denmark,Denmark,sor,Sorø,55.43184,11.55547
denmark,Denmark,snders,Søndersø,55.48526,10.2554
denmark,Denmark,snderborg,Sønderborg,54.90896,9.78917
denmark,Denmark,snder-bjert,Sønder Bjert,55.45272,9.56741
denmark,Denmark,sllested,Søllested,54.81019,11.27123
denmark,Denmark,sften,Søften,56.23801,10.0851
denmark,Denmark,solrd-strand,Solrød Strand,55.53285,12.22227
finland,Finland,herukka,Herukka,65.09712,25.40485
finland,Finland,linnanmaa,Linnanmaa,65.05559,25.46639
finland,Finland,ytteresse,Ytteresse,63.62209,22.99456
finland,Finland,ypj,Ypäjä,60.8,23.28333
finland,Finland,yljrvi,Ylöjärvi,61.55632,23.59606
finland,Finland,ylivieska,Ylivieska,64.08333,24.55
finland,Finland,ylitornio,Ylitornio,66.30893,23.67734
finland,Finland,ylikiiminki,Ylikiiminki,65.08333,26.25
finland,Finland,yli-ii,Yli-Ii,65.37181,25.8458
finland,Finland,ylihrm,Ylihärmä,63.15,22.78333
finland,Finland,myllytulli,Myllytulli,65.01578,25.48313
finland,Finland,ylne,Yläne,60.88333,22.41667
finland,Finland,ylmaa,Ylämaa,60.8,28
finland,Finland,vuosaari,Vuosaari,60.20963,25.14195
finland,Finland,vuolijoki,Vuolijoki,64.18538,26.99547
finland,Finland,vuokatti,Vuokatti,64.14466,28.28196
finland,Finland,vr,Vörå,63.13607,22.25223
finland,Finland,voisalmi,Voisalmi,61.08179,28.15023
finland,Finland,virtasalmi,Virtasalmi,62.12695,27.46276
finland,Finland,virrat,Virrat,62.24759,23.78004
finland,Finland,virolahti,Virolahti,60.51667,27.68306
finland,Finland,virojoki,Virojoki,60.5794,27.70354
finland,Finland,vinkkil,Vinkkilä,60.68333,21.71667
finland,Finland,vimpeli,Vimpeli,63.16187,23.81922
finland,Finland,vilppula,Vilppula,62.02121,24.50483
finland,Finland,viljakkala,Viljakkala,61.70601,23.26688
finland,Finland,viitasaari,Viitasaari,63.06667,25.86667
finland,Finland,viiala,Viiala,61.21023,23.76738
finland,Finland,vihti,Vihti,60.41699,24.31965
finland,Finland,vihanti,Vihanti,64.48472,24.99157
finland,Finland,vierem,Vieremä,63.75,27.01667
finland,Finland,veteli,Veteli,63.47839,23.78285
finland,Finland,vesilahti,Vesilahti,61.31667,23.61667
finland,Finland,vesanto,Vesanto,62.93333,26.41667
finland,Finland,velkua,Velkua,60.46667,21.66667
finland,Finland,vehmersalmi,Vehmersalmi,62.76101,28.02853
finland,Finland,vehmainen,Vehmainen,61.47674,23.91827
finland,Finland,vehmaa,Vehmaa,60.68333,21.66667
finland,Finland,vstanfjrd,Västanfjärd,60.05,22.68333
finland,Finland,varpaisjrvi,Varpaisjärvi,63.35932,27.75506
finland,Finland,varkaus,Varkaus,62.31533,27.873
finland,Finland,vantaa,Vantaa,60.29414,25.04099
finland,Finland,vampula,Vampula,61.01667,22.7
finland,Finland,vammala,Vammala,61.33333,22.9
finland,Finland,valtimo,Valtimo,63.66667,28.8
finland,Finland,valkeakoski,Valkeakoski,61.26421,24.03122
finland,Finland,vahto,Vahto,60.6,22.3
finland,Finland,vhkyr,Vähäkyrö,63.05635,22.10584
finland,Finland,vaasa,Vaasa,63.096,21.61577
finland,Finland,vaarala,Vaarala,60.26226,25.09303
finland,Finland,vaala,Vaala,64.56667,26.83333
finland,Finland,uus-lavola,Uus-Lavola,61.04258,28.102
finland,Finland,ruotula,Ruotula,61.50239,23.83698
finland,Finland,uusikaupunki,Uusikaupunki,60.80043,21.40841
finland,Finland,uurainen,Uurainen,62.5,25.45
finland,Finland,utsjoki,Utsjoki,69.90864,27.02843
finland,Finland,utajrvi,Utajärvi,64.7625,26.41944
finland,Finland,urjala,Urjala,61.08333,23.53333
finland,Finland,ulvila,Ulvila,61.42844,21.87103
finland,Finland,ullava,Ullava,63.6,24.08333
finland,Finland,tyrnv,Tyrnävä,64.76469,25.6523
finland,Finland,tuusula,Tuusula,60.40368,25.02638
finland,Finland,tuusniemi,Tuusniemi,62.81667,28.5
finland,Finland,tuupovaara,Tuupovaara,62.48372,30.62731
finland,Finland,tuulos,Tuulos,61.15,24.8
finland,Finland,turku,Turku,60.45148,22.26869
finland,Finland,turenki,Turenki,60.91667,24.63333
finland,Finland,tuomarinkyl,Tuomarinkylä,60.25659,24.9672
finland,Finland,tuira,Tuira,65.02607,25.47064
finland,Finland,jrvenper,Järvenperä,60.24169,24.71357
finland,Finland,tys,Töysä,62.62803,23.81828
finland,Finland,toukola,Toukola,60.20639,24.97124
finland,Finland,tornio,Tornio,65.84811,24.14662
finland,Finland,toppila,Toppila,65.03843,25.44331
finland,Finland,toivakka,Toivakka,62.1,26.08333
finland,Finland,akaa,Akaa,61.16667,23.86667
finland,Finland,toholampi,Toholampi,63.76667,24.25
finland,Finland,tohmajrvi,Tohmajärvi,62.18333,30.38333
finland,Finland,tiril,Tirilä,61.05766,28.2443
finland,Finland,tikkurila,Tikkurila,60.29349,25.03758
finland,Finland,teuva,Teuva,62.4819,21.74156
finland,Finland,tervola,Tervola,66.08333,24.8
finland,Finland,tervo,Tervo,62.95,26.75
finland,Finland,tervakoski,Tervakoski,60.81412,24.62594
finland,Finland,tarvasjoki,Tarvasjoki,60.58333,22.73333
finland,Finland,tapiola,Tapiola,60.17636,24.8085
finland,Finland,tapanila,Tapanila,60.26456,25.02157
finland,Finland,tampere,Tampere,61.49911,23.78712
finland,Finland,tampella,Tampella,61.50366,23.76592
finland,Finland,tammisalo,Tammisalo,60.19226,25.06671
finland,Finland,tammela,Tammela,60.81035,23.76823
finland,Finland,taka-tl,Taka-Töölö,60.18434,24.91948
finland,Finland,taivassalo,Taivassalo,60.56085,21.61639
finland,Finland,taivalkoski,Taivalkoski,65.56667,28.25
finland,Finland,taipalsaari,Taipalsaari,61.15,28.05
finland,Finland,taavetti,Taavetti,60.91667,27.56667
finland,Finland,sysm,Sysmä,61.5,25.68333
finland,Finland,suonenjoki,Suonenjoki,62.61667,27.13333
finland,Finland,suomussalmi,Suomussalmi,64.88685,28.90778
finland,Finland,suomusjrvi,Suomusjärvi,60.35,23.65
france,France,peyrat-le-chteau,Peyrat-le-Château,45.81376,1.7726
france,France,blaye,Blaye,45.12764,-0.66225
france,France,zuydcoote,Zuydcoote,51.06096,2.49338
france,France,zutkerque,Zutkerque,50.85303,2.06818
france,France,zonza,Zonza,41.74934,9.17082
france,France,zimmersheim,Zimmersheim,47.72079,7.38847
france,France,zillisheim,Zillisheim,47.69604,7.29736
france,France,zegerscappel,Zegerscappel,50.88333,2.4
france,France,yzeures-sur-creuse,Yzeures-sur-Creuse,46.78609,0.87166
france,France,yzeure,Yzeure,46.56596,3.35446
france,France,yzernay,Yzernay,47.02143,-0.70353
france,France,yvr-le-plin,Yvré-le-Pôlin,47.81953,0.15253
france,France,yvrac,Yvrac,44.88063,-0.4618
france,France,yvignac-la-tour,Yvignac-la-Tour,48.35,-2.18333
france,France,yvetot,Yvetot,49.61744,0.75814
france,France,yves,Yves,46.01909,-1.04806
france,France,ytrac,Ytrac,44.912,2.36248
france,France,yssingeaux,Yssingeaux,45.14282,4.12372
france,France,yport,Yport,49.73716,0.31537
france,France,youx,Youx,46.14467,2.79903
france,France,ymare,Ymare,49.3506,1.17938
france,France,ygos-saint-saturnin,Ygos-Saint-Saturnin,43.97651,-0.7378
france,France,yffiniac,Yffiniac,48.48479,-2.67757
france,France,yvres,Yèvres,48.21078,1.18717
france,France,yerville,Yerville,49.6672,0.89594
france,France,yerres,Yerres,48.71785,2.49338
france,France,yenne,Yenne,45.7042,5.75795
france,France,ybleron,Yébleron,49.63333,0.53746
france,France,ydes,Ydes,45.34722,2.43727
france,France,ychoux,Ychoux,44.32772,-0.95796
france,France,yainville,Yainville,49.45371,0.8292
france,France,xonrupt-longemer,Xonrupt-Longemer,48.08223,6.92944
france,France,xertigny,Xertigny,48.04394,6.40836
france,France,woustviller,Woustviller,49.07636,7.00487
france,France,wormhout,Wormhout,50.88129,2.46901
france,France,wolfisheim,Wolfisheim,48.58723,7.66708
france,France,wolfgantzen,Wolfgantzen,48.02805,7.5004
france,France,woippy,Woippy,49.15111,6.15132
france,France,woincourt,Woincourt,50.0663,1.53676
france,France,woerth,Woerth,48.93953,7.74279
france,France,wizernes,Wizernes,50.7117,2.24316
france,France,wittisheim,Wittisheim,48.26451,7.58683
france,France,wittenheim,Wittenheim,47.8109,7.32756
france,France,wittelsheim,Wittelsheim,47.80947,7.24154
france,France,witry-ls-reims,Witry-lès-Reims,49.29162,4.11921
france,France,wissous,Wissous,48.73352,2.32338
france,France,wissembourg,Wissembourg,49.03708,7.94548
france,France,wissant,Wissant,50.8853,1.66263
france,France,wisches,Wisches,48.50881,7.26814
france,France,wintzenheim,Wintzenheim,48.07269,7.29072
france,France,winnezeele,Winnezeele,50.841,2.55118
france,France,wingles,Wingles,50.49382,2.855
france,France,wingersheim,Wingersheim,48.72149,7.63464
france,France,wingen-sur-moder,Wingen-sur-Moder,48.919,7.37955
france,France,wimmenau,Wimmenau,48.91217,7.42189
france,France,wimille,Wimille,50.76418,1.63137
france,France,wimereux,Wimereux,50.76963,1.61139
france,France,willerwald,Willerwald,49.02481,7.03726
france,France,willems,Willems,50.63206,3.2384
france,France,wihr-au-val,Wihr-au-Val,48.05196,7.20493
france,France,wignehies,Wignehies,50.0155,4.00913
france,France,wiesviller,Wiesviller,49.08095,7.16415
france,France,widensolen,Widensolen,48.06377,7.48015
france,France,weyersheim,Weyersheim,48.71622,7.80127
france,France,wettolsheim,Wettolsheim,48.05755,7.29844
france,France,westhoffen,Westhoffen,48.60352,7.44289
france,France,wervicq-sud,Wervicq-Sud,50.7745,3.04207
france,France,weitbruch,Weitbruch,48.75455,7.77935
france,France,waziers,Waziers,50.38717,3.1149
france,France,wavrin,Wavrin,50.57386,2.9363
france,France,wavrechain-sous-denain,Wavrechain-sous-Denain,50.33224,3.41252
france,France,wavignies,Wavignies,49.54748,2.36032
france,France,wattwiller,Wattwiller,47.83649,7.17785
france,France,wattrelos,Wattrelos,50.70118,3.21812
france,France,wattignies,Wattignies,50.58639,3.04394
france,France,watten,Watten,50.83685,2.21346
france,France,wassy,Wassy,48.49811,4.94775
france,France,wassigny,Wassigny,50.01334,3.59988
france,France,wasselonne,Wasselonne,48.63779,7.44506
france,France,wasquehal,Wasquehal,50.67043,3.13382
france,France,warmeriville,Warmeriville,49.35227,4.21882
france,France,warluis,Warluis,49.38874,2.1422
france,France,warhem,Warhem,50.97592,2.49303
france,France,wargnies-le-grand,Wargnies-le-Grand,50.30751,3.66038
france,France,wardrecques,Wardrecques,50.71108,2.34483
france,France,warcq,Warcq,49.77517,4.68175
france,France,wangenbourg-engenthal,Wangenbourg-Engenthal,48.62805,7.30471
france,France,wandignies-hamage,Wandignies-Hamage,50.39609,3.3145
france,France,wambrechies,Wambrechies,50.68276,3.04784
france,France,walscheid,Walscheid,48.65308,7.14998
france,France,wallers,Wallers,50.37432,3.39188
france,France,walincourt-selvigny,Walincourt-Selvigny,50.06667,3.33333
france,France,waldighofen,Waldighofen,47.55045,7.31512
france,France,walbourg,Walbourg,48.88628,7.78828
france,France,wailly,Wailly,50.52287,2.06792
france,France,wahagnies,Wahagnies,50.48665,3.03448
france,France,vulaines-sur-seine,Vulaines-sur-Seine,48.43186,2.76476
france,France,vue,Vue,47.19865,-1.88108
france,France,vrigne-aux-bois,Vrigne-aux-Bois,49.73716,4.85567
france,France,vred,Vred,50.39455,3.23029
united-kingdom,United Kingdom,ystrad-mynach,Ystrad Mynach,51.64276,-3.2362
united-kingdom,United Kingdom,ystradgynlais,Ystradgynlais,51.76667,-3.76667
united-kingdom,United Kingdom,ystalyfera,Ystalyfera,51.76716,-3.78082
united-kingdom,United Kingdom,yoxall,Yoxall,52.76659,-1.79068
united-kingdom,United Kingdom,youlgreave,Youlgreave,53.17399,-1.69044
united-kingdom,United Kingdom,york,York,53.95763,-1.08271
united-kingdom,United Kingdom,yetminster,Yetminster,50.89579,-2.57959
united-kingdom,United Kingdom,yeovil,Yeovil,50.94159,-2.63211
united-kingdom,United Kingdom,yelverton,Yelverton,50.4929,-4.08382
united-kingdom,United Kingdom,yealmpton,Yealmpton,50.34856,-3.99877
united-kingdom,United Kingdom,yeadon,Yeadon,53.86437,-1.68743
united-kingdom,United Kingdom,yazor,Yazor,52.11667,-2.86667
united-kingdom,United Kingdom,yaxley,Yaxley,52.51768,-0.25852
united-kingdom,United Kingdom,yatton,Yatton,51.96667,-2.53333
united-kingdom,United Kingdom,yate,Yate,51.54074,-2.41839
united-kingdom,United Kingdom,yarnton,Yarnton,51.80448,-1.31149
united-kingdom,United Kingdom,yarmouth,Yarmouth,50.70529,-1.49929
united-kingdom,United Kingdom,yarm,Yarm,54.50364,-1.35793
united-kingdom,United Kingdom,yapton,Yapton,50.8209,-0.613
united-kingdom,United Kingdom,yalding,Yalding,51.22387,0.4292
united-kingdom,United Kingdom,wymeswold,Wymeswold,52.80536,-1.11288
united-kingdom,United Kingdom,wylam,Wylam,54.97654,-1.82187
united-kingdom,United Kingdom,wye,Wye,51.18249,0.93678
united-kingdom,United Kingdom,wroxall,Wroxall,52.33791,-1.66898
united-kingdom,United Kingdom,wroughton,Wroughton,51.52411,-1.79559
united-kingdom,United Kingdom,wrotham,Wrotham,51.30856,0.30899
united-kingdom,United Kingdom,writtle,Writtle,51.72906,0.42938
united-kingdom,United Kingdom,wrington,Wrington,51.36173,-2.76319
united-kingdom,United Kingdom,wrexham,Wrexham,53.04664,-2.99132
united-kingdom,United Kingdom,wrea-green,Wrea Green,53.77651,-2.91573
united-kingdom,United Kingdom,wrawby,Wrawby,53.56672,-0.46194
united-kingdom,United Kingdom,wragby,Wragby,53.28333,-0.3
united-kingdom,United Kingdom,wouldham,Wouldham,51.34986,0.45816
united-kingdom,United Kingdom,wotton-under-edge,Wotton-under-Edge,51.63242,-2.34512
united-kingdom,United Kingdom,worton,Worton,51.31611,-2.04111
united-kingdom,United Kingdom,wortley,Wortley,53.48333,-1.53333
united-kingdom,United Kingdom,worthing,Worthing,50.81795,-0.37538
united-kingdom,United Kingdom,worlaby,Worlaby,53.6113,-0.46685
united-kingdom,United Kingdom,worksop,Worksop,53.30182,-1.12404
united-kingdom,United Kingdom,workington,Workington,54.6425,-3.54413
united-kingdom,United Kingdom,worcester-park,Worcester Park,51.37992,-0.24445
united-kingdom,United Kingdom,worcester,Worcester,52.18935,-2.22001
united-kingdom,United Kingdom,royal-wootton-bassett,Royal Wootton Bassett,51.5419,-1.9045
united-kingdom,United Kingdom,wootton,Wootton,53.63021,-0.35328
united-kingdom,United Kingdom,woolwich,Woolwich,51.491,0.0648
united-kingdom,United Kingdom,woolton,Woolton,53.37401,-2.87
united-kingdom,United Kingdom,woolston,Woolston,50.89305,-1.37801
united-kingdom,United Kingdom,woolpit,Woolpit,52.22454,0.88826
united-kingdom,United Kingdom,woolley,Woolley,53.61339,-1.51457
united-kingdom,United Kingdom,wooler,Wooler,55.54755,-2.01186
united-kingdom,United Kingdom,wool,Wool,50.67966,-2.2189
united-kingdom,United Kingdom,woodstock,Woodstock,51.8485,-1.35132
united-kingdom,United Kingdom,woodsetts,Woodsetts,53.34804,-1.17204
united-kingdom,United Kingdom,woodley,Woodley,51.45,-0.88333
united-kingdom,United Kingdom,woodhall-spa,Woodhall Spa,53.15215,-0.21453
united-kingdom,United Kingdom,wood-green,Wood Green,51.6,-0.11667
united-kingdom,United Kingdom,woodford-green,Woodford Green,51.60938,0.02329
united-kingdom,United Kingdom,woodford,Woodford,52.38231,-0.58099
united-kingdom,United Kingdom,woodcote,Woodcote,52.73333,-2.33333
united-kingdom,United Kingdom,woodchurch,Woodchurch,51.07605,0.77346
united-kingdom,United Kingdom,woodbridge,Woodbridge,52.09332,1.32042
united-kingdom,United Kingdom,woodborough,Woodborough,51.33852,-1.83976
united-kingdom,United Kingdom,wooburn,Wooburn,51.57888,-0.693
united-kingdom,United Kingdom,wombwell,Wombwell,53.52189,-1.39698
united-kingdom,United Kingdom,wombourne,Wombourne,52.53333,-2.18333
united-kingdom,United Kingdom,wolverhampton,Wolverhampton,52.58547,-2.12296
united-kingdom,United Kingdom,wolston,Wolston,52.37717,-1.39544
united-kingdom,United Kingdom,wolsingham,Wolsingham,54.73085,-1.88319
united-kingdom,United Kingdom,wollaston,Wollaston,52.25794,-0.67038
united-kingdom,United Kingdom,wold-newton,Wold Newton,54.1428,-0.39993
united-kingdom,United Kingdom,woldingham,Woldingham,51.28527,-0.03372
united-kingdom,United Kingdom,wokingham,Wokingham,51.4112,-0.83565
united-kingdom,United Kingdom,woking,Woking,51.31903,-0.55893
united-kingdom,United Kingdom,woburn-sands,Woburn Sands,52.01579,-0.64982
united-kingdom,United Kingdom,woburn,Woburn,51.98865,-0.61903
united-kingdom,United Kingdom,wivenhoe,Wivenhoe,51.85553,0.95796
united-kingdom,United Kingdom,wivelsfield-green,Wivelsfield Green,50.96313,-0.07133
united-kingdom,United Kingdom,wiveliscombe,Wiveliscombe,51.04139,-3.31278
united-kingdom,United Kingdom,witton-gilbert,Witton Gilbert,54.80572,-1.63686
united-kingdom,United Kingdom,wittering,Wittering,52.60698,-0.44048
united-kingdom,United Kingdom,witney,Witney,51.7836,-1.4854
united-kingdom,United Kingdom,witley,Witley,51.14993,-0.64768
united-kingdom,United Kingdom,withington,Withington,52.71667,-2.6
united-kingdom,United Kingdom,withernsea,Withernsea,53.73115,0.03195
united-kingdom,United Kingdom,witheridge,Witheridge,50.91743,-3.70351
united-kingdom,United Kingdom,witham,Witham,51.80007,0.64038
united-kingdom,United Kingdom,witchford,Witchford,52.38699,0.20602
united-kingdom,United Kingdom,wiston,Wiston,51.82583,-4.87
united-kingdom,United Kingdom,wishaw,Wishaw,55.76667,-3.91667
united-kingdom,United Kingdom,wisbech,Wisbech,52.66622,0.15938
united-kingdom,United Kingdom,wirksworth,Wirksworth,53.08232,-1.57391
united-kingdom,United Kingdom,winwick,Winwick,53.43333,-2.6
united-kingdom,United Kingdom,winterton,Winterton,53.65497,-0.59885
united-kingdom,United Kingdom,winterbourne-stoke,Winterbourne Stoke,51.16729,-1.89806
united-kingdom,United Kingdom,winterbourne,Winterbourne,51.44609,-1.3466
united-kingdom,United Kingdom,winston,Winston,54.54519,-1.78854
united-kingdom,United Kingdom,winslow,Winslow,51.94284,-0.88131
united-kingdom,United Kingdom,winsford,Winsford,53.19146,-2.52398
united-kingdom,United Kingdom,winnersh,Winnersh,51.42747,-0.87994
united-kingdom,United Kingdom,winkleigh,Winkleigh,50.85581,-3.943
united-kingdom,United Kingdom,wingrave,Wingrave,51.86494,-0.74244
united-kingdom,United Kingdom,wingham,Wingham,51.27168,1.21463
united-kingdom,United Kingdom,wingfield,Wingfield,51.31345,-2.26038
united-kingdom,United Kingdom,wingerworth,Wingerworth,53.202,-1.43359
united-kingdom,United Kingdom,wingate,Wingate,54.73242,-1.37896
united-kingdom,United Kingdom,wing,Wing,52.61775,-0.6827
united-kingdom,United Kingdom,winford,Winford,51.38333,-2.66111
united-kingdom,United Kingdom,windsor,Windsor,51.48333,-0.6
united-kingdom,United Kingdom,windlesham,Windlesham,51.36509,-0.65476
united-kingdom,United Kingdom,windermere,Windermere,54.38086,-2.90709
united-kingdom,United Kingdom,winchester,Winchester,51.06513,-1.3187
united-kingdom,United Kingdom,winchcombe,Winchcombe,51.95363,-1.96398
united-kingdom,United Kingdom,wincanton,Wincanton,51.05676,-2.40574
united-kingdom,United Kingdom,wimborne-minster,Wimborne Minster,50.78333,-1.98333
united-kingdom,United Kingdom,wimblington,Wimblington,52.50925,0.08416
united-kingdom,United Kingdom,wimbledon,Wimbledon,51.42212,-0.20805
united-kingdom,United Kingdom,wilton,Wilton,51.07926,-1.8621
united-kingdom,United Kingdom,wilstead,Wilstead,52.08088,-0.44889
united-kingdom,United Kingdom,wilsford,Wilsford,51.3,-1.85
united-kingdom,United Kingdom,wilsden,Wilsden,53.82084,-1.85959
united-kingdom,United Kingdom,wilmslow,Wilmslow,53.32803,-2.23148
united-kingdom,United Kingdom,wilmcote,Wilmcote,52.22081,-1.76528
united-kingdom,United Kingdom,williton,Williton,51.16236,-3.32208
united-kingdom,United Kingdom,willington,Willington,54.71667,-1.7
united-kingdom,United Kingdom,willingham,Willingham,53.35,-0.68333
united-kingdom,United Kingdom,willesden,Willesden,51.53333,-0.23333
united-kingdom,United Kingdom,willerby,Willerby,53.76099,-0.44186
united-kingdom,United Kingdom,willenhall,Willenhall,52.58514,-2.05934
united-kingdom,United Kingdom,willaston,Willaston,53.2955,-2.99732
united-kingdom,United Kingdom,willand,Willand,50.88333,-3.36667
united-kingdom,United Kingdom,wilden,Wilden,52.18272,-0.39645
united-kingdom,United Kingdom,wilburton,Wilburton,52.35191,0.17673
united-kingdom,United Kingdom,wilberfoss,Wilberfoss,53.94854,-0.88945
united-kingdom,United Kingdom,wigton,Wigton,54.82482,-3.16114
united-kingdom,United Kingdom,wigston-magna,Wigston Magna,52.58128,-1.09248
united-kingdom,United Kingdom,wigmore,Wigmore,52.31474,-2.85802
united-kingdom,United Kingdom,wigginton,Wigginton,54.01717,-1.0831
united-kingdom,United Kingdom,wigan,Wigan,53.54296,-2.63706
ireland,Ireland,buncrana,Buncrana,55.13333,-7.45
ireland,Ireland,youghal,Youghal,51.95,-7.85056
ireland,Ireland,wicklow,Wicklow,52.975,-6.04944
ireland,Ireland,whitegate,Whitegate,51.83056,-8.22972
ireland,Ireland,wexford,Wexford,52.33417,-6.4575
ireland,Ireland,westport,Westport,53.8,-9.51667
ireland,Ireland,watergrasshill,Watergrasshill,52.01139,-8.34417
ireland,Ireland,waterford,Waterford,52.25833,-7.11194
ireland,Ireland,virginia,Virginia,53.83389,-7.07556
ireland,Ireland,urlingford,Urlingford,52.72056,-7.5825
ireland,Ireland,tullyallen,Tullyallen,53.73611,-6.42278
ireland,Ireland,tullow,Tullow,52.80028,-6.73694
ireland,Ireland,tullamore,Tullamore,53.27389,-7.48889
ireland,Ireland,tuam,Tuam,53.51667,-8.85
ireland,Ireland,trim,Trim,53.555,-6.79167
ireland,Ireland,tr-mhr,Trá Mhór,52.16235,-7.15244
ireland,Ireland,tralee,Tralee,52.27042,-9.70264
ireland,Ireland,tower,Tower,51.92599,-8.60747
ireland,Ireland,toormakeady,Toormakeady,53.65,-9.36667
ireland,Ireland,tobercurry,Tobercurry,54.05,-8.73333
ireland,Ireland,tipperary,Tipperary,52.47333,-8.15583
ireland,Ireland,thurles,Thurles,52.68194,-7.80222
ireland,Ireland,thomastown,Thomastown,52.52667,-7.13722
ireland,Ireland,termonfeckin,Termonfeckin,53.76333,-6.26778
ireland,Ireland,terenure,Terenure,53.30972,-6.28528
ireland,Ireland,templemore,Templemore,52.79472,-7.83389
ireland,Ireland,tallaght,Tallaght,53.2859,-6.37344
ireland,Ireland,swords,Swords,53.45972,-6.21806
ireland,Ireland,swinford,Swinford,53.93941,-8.94346
ireland,Ireland,sutton,Sutton,53.38947,-6.11059
ireland,Ireland,stradbally,Stradbally,53.01556,-7.15278
ireland,Ireland,stamullin,Stamullin,53.62889,-6.26833
ireland,Ireland,sligo,Sligo,54.26969,-8.46943
ireland,Ireland,slane,Slane,53.71,-6.54333
ireland,Ireland,skibbereen,Skibbereen,51.55,-9.26667
ireland,Ireland,skerries,Skerries,53.58278,-6.10833
ireland,Ireland,sixmilebridge,Sixmilebridge,52.74139,-8.77417
ireland,Ireland,shankill,Shankill,53.22611,-6.12444
ireland,Ireland,sandymount,Sandymount,53.32815,-6.22224
ireland,Ireland,sallins,Sallins,53.24889,-6.66611
ireland,Ireland,saggart,Saggart,53.28028,-6.44444
ireland,Ireland,an-ros,An Ros,53.52424,-6.10497
ireland,Ireland,rosslare,Rosslare,52.27184,-6.38989
ireland,Ireland,roscrea,Roscrea,52.95111,-7.80167
ireland,Ireland,roscommon,Roscommon,53.63333,-8.18333
ireland,Ireland,rochfortbridge,Rochfortbridge,53.41417,-7.29611
ireland,Ireland,ringsend,Ringsend,53.34194,-6.22639
ireland,Ireland,ratoath,Ratoath,53.50806,-6.4625
ireland,Ireland,rathwire,Rathwire,53.50767,-7.1351
ireland,Ireland,rathnew,Rathnew,52.99056,-6.08528
ireland,Ireland,rathmines,Rathmines,53.32028,-6.26333
ireland,Ireland,ramelton,Ramelton,55.03673,-7.64923
ireland,Ireland,rathkeale,Rathkeale,52.52444,-8.93806
ireland,Ireland,rathfarnham,Rathfarnham,53.30056,-6.28278
ireland,Ireland,rathdrum,Rathdrum,52.93179,-6.22945
ireland,Ireland,rathdowney,Rathdowney,52.85472,-7.58028
ireland,Ireland,rathcormac,Rathcormac,52.07694,-8.28194
ireland,Ireland,rathcoole,Rathcoole,53.28278,-6.47278
ireland,Ireland,rathangan,Rathangan,53.22139,-6.995
ireland,Ireland,raphoe,Raphoe,54.87472,-7.59833
ireland,Ireland,raheny,Raheny,53.38681,-6.18067
ireland,Ireland,prosperous,Prosperous,53.29028,-6.75389
ireland,Ireland,portumna,Portumna,53.08917,-8.21889
ireland,Ireland,portmarnock,Portmarnock,53.42306,-6.1375
ireland,Ireland,portlaw,Portlaw,52.28833,-7.32056
ireland,Ireland,portlaoise,Portlaoise,53.03441,-7.29979
ireland,Ireland,portarlington,Portarlington,53.16222,-7.19111
ireland,Ireland,piltown,Piltown,52.35333,-7.34028
ireland,Ireland,daingean,Daingean,53.29611,-7.28944
ireland,Ireland,passage-west,Passage West,51.87083,-8.3355
ireland,Ireland,oughterard,Oughterard,53.41667,-9.33333
ireland,Ireland,oranmore,Oranmore,53.26833,-8.92
ireland,Ireland,old-kilcullen,Old Kilcullen,53.10639,-6.76528
ireland,Ireland,oldcastle,Oldcastle,53.76648,-7.16284
ireland,Ireland,newtown-trim,Newtown Trim,53.55611,-6.77
ireland,Ireland,newtown-cunningham,Newtown Cunningham,54.99639,-7.51917
ireland,Ireland,new-ross,New Ross,52.39667,-6.93667
ireland,Ireland,newport,Newport,52.71111,-8.40972
ireland,Ireland,newmarket-on-fergus,Newmarket on Fergus,52.76,-8.89556
ireland,Ireland,newcastle,Newcastle,53.30111,-6.50222
ireland,Ireland,newcastle-west,Newcastle West,52.44917,-9.06111
ireland,Ireland,droichead-nua,Droichead Nua,53.18194,-6.79667
ireland,Ireland,nenagh,Nenagh,52.86194,-8.19667
ireland,Ireland,navan,Navan,53.65278,-6.68139
ireland,Ireland,naas,Naas,53.21583,-6.66694
ireland,Ireland,an-muileann-gcearr,An Muileann gCearr,53.52466,-7.3385
ireland,Ireland,mullagh,Mullagh,53.81306,-6.95139
ireland,Ireland,muff,Muff,55.06667,-7.26667
ireland,Ireland,moycullen,Moycullen,53.33783,-9.18002
ireland,Ireland,moville,Moville,55.19153,-7.03873
ireland,Ireland,mountrath,Mountrath,52.99889,-7.47278
ireland,Ireland,mountmellick,Mountmellick,53.11361,-7.32
ireland,Ireland,moroe,Moroe,52.65111,-8.39611
ireland,Ireland,moone,Moone,52.97556,-6.815
ireland,Ireland,mooncoin,Mooncoin,52.28944,-7.24833
ireland,Ireland,monkstown,Monkstown,53.29308,-6.15312
ireland,Ireland,monasterevin,Monasterevin,53.14056,-7.06639
ireland,Ireland,monaghan,Monaghan,54.25,-6.96667
ireland,Ireland,moate,Moate,53.55,-7.71667
ireland,Ireland,mitchelstown,Mitchelstown,52.26583,-8.26806
india,India,thang,Thang,34.9274,76.79336
india,India,pnch,Pūnch,33.77033,74.09254
india,India,keelakarai,Keelakarai,9.23183,78.78545
india,India,zunheboto,Zunheboto,25.96667,94.51667
india,India,ziro,Ziro,27.59497,93.83854
india,India,zamnia,Zamānia,25.41961,83.55786
india,India,zaidpur,Zaidpur,26.83093,81.32929
india,India,zahirbd,Zahirābād,17.68138,77.60743
india,India,zafarbd,Zafarābād,25.69867,82.73354
india,India,yol,Yol,32.16423,76.19622
india,India,yeola,Yeola,20.0424,74.48944
india,India,yellpur,Yellāpur,14.9637,74.70929
india,India,yellandu,Yellandu,17.59064,80.32146
india,India,yelbarga,Yelbarga,15.61545,76.01184
india,India,yelandr,Yelandūr,12.04629,77.03034
india,India,yelahanka,Yelahanka,13.10073,77.59632
india,India,yavatml,Yavatmāl,20.39324,78.13201
india,India,yval,Yāval,21.16772,75.69762
india,India,yrda,Yārāda,17.65872,83.27419
india,India,yanam,Yanam,16.73308,82.21364
india,India,yamuna-nagar,Yamuna Nagar,30.12796,77.28371
india,India,yairipok,Yairipok,24.67792,94.04767
india,India,ydgr,Yādgīr,16.77007,77.13755
india,India,xeldem,Xeldem,15.25,74.08333
india,India,wokha,Wokha,26.09717,94.25817
india,India,weir,Weir,27.0186,77.17636
india,India,wellington,Wellington,11.36552,76.78442
india,India,wazrganj,Wazīrganj,28.21145,79.05665
india,India,wshm,Wāshīm,20.11128,77.133
india,India,warud,Warud,21.47101,78.26965
india,India,warora,Warora,20.22885,79.00277
india,India,wris-alganj,Wāris Alīganj,25.0172,85.64047
india,India,wardha,Wardha,20.73933,78.59784
india,India,wrseon,Wārāseonī,21.76184,80.04301
india,India,warangal,Warangal,18,79.58333
india,India,wanparti,Wanparti,16.36738,78.06889
india,India,wnkner,Wānkāner,22.61198,70.94379
india,India,wani,Wani,20.05507,78.95313
india,India,wngjing,Wāngjing,24.58921,94.06386
india,India,walajapet,Walajapet,12.9251,79.36626
india,India,wljbd,Wālājābād,12.79041,79.82358
india,India,wai,Wai,17.95276,73.89058
india,India,waghi,Waghāi,20.77048,73.50074
india,India,wdi,Wādi,17.05183,76.99048
india,India,wadgaon,Wadgaon,18.7392,73.63945
india,India,vyra,Vyāra,21.11079,73.39365
india,India,vuyyru,Vuyyūru,16.36307,80.84406
india,India,vrindvan,Vrindāvan,27.58105,77.69662
india,India,vriddhchalam,Vriddhāchalam,11.5183,79.32411
india,India,vizianagaram,Vizianagaram,18.11692,83.41148
india,India,vite,Vite,17.27343,74.53792
india,India,visnagar,Visnagar,23.69855,72.5521
india,India,visakhapatnam,Visakhapatnam,17.68009,83.20161
india,India,vsvadar,Vīsāvadar,21.33954,70.74966
india,India,virudunagar,Virudunagar,9.58509,77.95787
india,India,virpur,Virpur,23.1892,73.47987
india,India,vadakku-viravanallur,Vadakku Viravanallur,8.69786,77.51916
india,India,virajpet,Virajpet,12.19644,75.80512
india,India,virr,Virār,19.45591,72.81136
india,India,viramgm,Viramgām,23.12564,72.05014
india,India,vraganr,Vīraganūr,11.47613,78.73553
india,India,vinukonda,Vinukonda,16.0531,79.73964
india,India,vinchia,Vinchia,22.21027,71.37967
india,India,villupuram,Villupuram,11.93975,79.49244
india,India,vilattikulam,Vilattikulam,9.13227,78.16635
india,India,vikravndi,Vikravāndi,12.0369,79.54595
india,India,vikrbd,Vikārābād,17.3381,77.90441
india,India,vijayawada,Vijayawada,16.50745,80.6466
india,India,vijayapuri,Vijayapuri,11.2453,77.50066
india,India,vijayanagar,Vijayanagar,23.9975,73.28553
india,India,vijpur,Vijāpur,23.5623,72.74848
india,India,vidisha,Vidisha,23.52604,77.81092
india,India,vettr,Vettūr,8.71742,76.72582
india,India,vettavalam,Vettavalam,12.10769,79.24516
india,India,vettaikkaranpudur,Vettaikkaranpudur,10.56207,76.91305
india,India,vetaplem,Vetapālem,15.78502,80.30663
india,India,verna,Verna,15.35479,73.92454
india,India,verval,Verāval,20.9077,70.36786
india,India,vepagunta,Vepagunta,17.77844,83.21577
india,India,venkatagiri,Venkatagiri,13.96005,79.58032
india,India,vengurla,Vengurla,15.86125,73.63182
india,India,vemalwda,Vemalwāda,18.46523,78.86894
india,India,velur,Velur,11.10825,78.00113
india,India,vellore,Vellore,12.9184,79.13255
india,India,velankanni,Velankanni,10.68333,79.83333
india,India,vejalpur,Vejalpur,22.69021,73.56299
india,India,vedasandr,Vedasandūr,10.53102,77.95019
india,India,vedaraniyam,Vedaraniyam,10.37208,79.85095
india,India,vayalr,Vayalār,9.71158,76.33888
india,India,vattalkundu,Vattalkundu,10.16069,77.75883
india,India,vsudevanallr,Vāsudevanallūr,9.24171,77.41177
india,India,vasind,Vasind,19.40844,73.26285
india,India,vasco-da-gama,Vasco da Gama,15.39585,73.81568
india,India,vaso,Vaso,22.66079,72.75519
india,India,vartej,Vartej,21.73947,72.06553
india,India,varkala,Varkala,8.7333,76.7167
india,India,varca,Varca,15.23237,73.94311
india,India,varangaon,Varangaon,21.01767,75.91042
india,India,varanasi,Varanasi,25.31668,83.01041
india,India,vanthli,Vanthli,21.4774,70.33115
india,India,vnsada,Vānsada,20.75817,73.36389
india,India,vaniyambadi,Vaniyambadi,12.68162,78.62014
india,India,vandavsi,Vandavāsi,12.50429,79.60556
india,India,vandalr,Vandalūr,12.8924,80.08079
india,India,valsd,Valsād,20.61013,72.93428
india,India,valpoi,Valpoi,15.53239,74.13671
india,India,valparai,Valparai,10.32691,76.95116
india,India,vallam,Vallam,10.71988,79.05981
india,India,vallabh-vidyanagar,Vallabh Vidyanagar,22.53333,72.9
india,India,vlia,Vālia,21.57076,73.16019
india,India,valavanur,Valavanur,11.92094,79.58239
india,India,azhikkal,Azhikkal,11.94043,75.30512
india,India,valangaiman,Valangaiman,10.89012,79.39322
india,India,valabhpur,Valabhīpur,21.88868,71.87935
india,India,vaikam,Vaikam,9.74858,76.39637
india,India,vaijpur,Vaijāpur,19.92672,74.7275
india,India,vghodia,Vāghodia,22.30505,73.40016
india,India,vadodara,Vadodara,22.29941,73.20812
india,India,vadnagar,Vadnagar,23.78593,72.63893
india,India,vadlapdi,Vadlapūdi,14.31119,79.8043
india,India,vdippatti,Vādippatti,10.08481,77.96113
india,India,vdsinor,Vādāsinor,22.95677,73.33505
india,India,vadamadurai,Vadamadurai,10.44081,78.09784
india,India,vadli,Vadāli,23.94232,73.03784
india,India,vadakku-valliyr,Vadakku Valliyūr,8.38286,77.61221
india,India,vda,Vāda,19.65347,73.14811
india,India,ttukkuli,Ūttukkuli,11.16892,77.45431
india,India,uttiramerr,Uttiramerūr,12.61433,79.75748
india,India,uttarkshi,Uttarkāshi,30.72986,78.44342
india,India,uttamaplaiyam,Uttamapālaiyam,9.80701,77.32718
india,India,utraula,Utraula,27.31933,82.41872
india,India,utrn,Utrān,21.23333,72.86667
india,India,utai,Utai,21.11667,81.38333
india,India,usilampatti,Usilampatti,9.96936,77.78621
india,India,usgao,Usgao,15.43333,74.06667
india,India,usehat,Usehat,27.79796,79.23763
india,India,uri,Uri,34.086,74.032
india,India,uravakonda,Uravakonda,14.94348,77.25494
india,India,uran,Uran,18.87813,72.93924
india,India,uppiliyapuram,Uppiliyapuram,11.26356,78.5139
india,India,upleta,Upleta,21.74015,70.28256
india,India,uppal-kalan,Uppal Kalan,17.40577,78.55911
india,India,unno,Unnāo,26.54706,80.48781
india,India,unjha,Unjha,23.80366,72.39101
india,India,unira,Uniāra,26.15336,75.21523
india,India,unhel,Unhel,23.33794,75.55931
india,India,una,Una,31.46493,76.26914
india,India,n,Ūn,29.58479,77.2554
india,India,un,Un,23.88745,71.76975
japan,Japan,shing,Shingū,33.73333,135.98333
japan,Japan,atsugi,Atsugi,35.44272,139.36931
japan,Japan,akashi,Akashi,34.65524,135.00687
japan,Japan,zushi,Zushi,35.29483,139.57812
japan,Japan,zentsujich,Zentsujichó,34.22699,133.77791
japan,Japan,zama,Zama,35.4879,139.39101
japan,Japan,zaisho,Zaisho,25.83158,131.23039
japan,Japan,yuzawa,Yuzawa,36.93804,138.81331
japan,Japan,yuza,Yuza,39.01573,139.92909
japan,Japan,yuyama,Yuyama,32.32872,131.05477
japan,Japan,yusuhara,Yusuhara,33.38333,132.91667
japan,Japan,yura,Yura,35.48333,133.75
japan,Japan,gero,Gero,35.8,137.23333
japan,Japan,yunoo,Yunoo,35.79324,136.19614
japan,Japan,yunomae,Yunomae,32.28333,130.98333
japan,Japan,yukuhashi,Yukuhashi,33.72873,130.983
japan,Japan,yki,Yūki,36.3,139.88333
japan,Japan,yugawara,Yugawara,35.15,139.06667
japan,Japan,yudomari,Yudomari,30.2347,130.47942
japan,Japan,yuasa,Yuasa,34.03686,135.18041
japan,Japan,yotsutsuji,Yotsutsuji,35.53333,135.1
japan,Japan,yoshino-ch,Yoshino-chō,34.39611,135.85768
japan,Japan,yoshino,Yoshino,33.31667,133.13333
japan,Japan,yoshikawa,Yoshikawa,35.89232,139.84184
japan,Japan,yoshii,Yoshii,36.25,138.98333
japan,Japan,yoshida-kasugach,Yoshida-kasugachō,37.68333,138.88333
japan,Japan,yorii,Yorii,36.11567,139.19429
japan,Japan,yono,Yono,35.88333,139.63333
japan,Japan,yonakuni,Yonakuni,24.46667,123
japan,Japan,yonago,Yonago,35.43333,133.33333
japan,Japan,yonabaru,Yonabaru,26.20437,127.75267
japan,Japan,yokota,Yokota,35.75,139.38333
japan,Japan,yokosuka,Yokosuka,35.28361,139.66722
japan,Japan,yokose,Yokose,33.93333,134.48333
japan,Japan,yokohama,Yokohama,35.43333,139.65
japan,Japan,yokokawa,Yokokawa,35.70484,139.8156
japan,Japan,yokkaichi,Yokkaichi,34.96667,136.61667
japan,Japan,youkaichi,Youkaichi,35.11626,136.19768
japan,Japan,yawata,Yawata,34.87009,135.7027
japan,Japan,honmachi,Honmachi,32.50439,130.59952
japan,Japan,yatsuomachi-higashikumisaka,Yatsuomachi-higashikumisaka,36.56667,137.13333
japan,Japan,yasugich,Yasugichō,35.42146,133.24224
japan,Japan,yasuda,Yasuda,33.43563,133.98501
japan,Japan,yashiro,Yashiro,34.91667,134.96667
japan,Japan,yashio,Yashio,35.82255,139.83905
japan,Japan,yaotsu,Yaotsu,35.46667,137.15
japan,Japan,yao,Yao,34.61667,135.6
japan,Japan,yanaizu,Yanaizu,37.52416,139.72167
japan,Japan,yanai,Yanai,33.96667,132.11667
japan,Japan,yanagawa,Yanagawa,33.16667,130.4
japan,Japan,yamato-takada,Yamato-Takada,34.51667,135.75
japan,Japan,yamatohama,Yamatohama,28.36077,129.39413
japan,Japan,yamashita,Yamashita,33.56554,133.70284
japan,Japan,yamazakich-nakabirose,Yamazakichō-nakabirose,35,134.55
japan,Japan,yamakita,Yamakita,35.36344,139.07975
japan,Japan,yamaguchi,Yamaguchi,34.18333,131.46667
japan,Japan,yamaga,Yamaga,33.01667,130.68911
japan,Japan,tosayamadach-nakano,Tosayamadachō-nakano,33.6,133.68333
japan,Japan,yakage,Yakage,34.62849,133.59237
japan,Japan,yaizu,Yaizu,34.86877,138.31952
japan,Japan,yaita,Yaita,36.8,139.93333
japan,Japan,yahiko,Yahiko,37.7,138.83333
japan,Japan,yae,Yae,34.68333,132.53333
japan,Japan,yabu,Yabu,35.40304,134.77118
japan,Japan,yabase,Yabase,35.5,133.68333
japan,Japan,waki,Waki,34.2,132.21667
japan,Japan,wakimachi,Wakimachi,34.06667,134.15
japan,Japan,wake,Wake,34.81156,134.14264
japan,Japan,wakasa,Wakasa,35.33333,134.4
japan,Japan,wajima,Wajima,37.40458,136.89912
japan,Japan,wajiki,Wajiki,33.52205,133.81144
japan,Japan,wadomari,Wadomari,27.38333,128.65
japan,Japan,wadayama,Wadayama,35.31667,134.86667
japan,Japan,uwa,Uwa,33.36451,132.51267
japan,Japan,utsunomiya,Utsunomiya,36.56667,139.88333
japan,Japan,uto,Uto,32.68333,130.66667
japan,Japan,utazu,Utazu,34.3,133.81667
japan,Japan,usuki,Usuki,33.12342,131.80401
japan,Japan,ushibukamachi,Ushibukamachi,32.20142,130.02171
japan,Japan,ushitsu,Ushitsu,37.30791,137.15219
japan,Japan,ureshinomachi-shimojuku,Ureshinomachi-shimojuku,33.11358,130.00292
japan,Japan,urayasu,Urayasu,35.65879,139.90055
japan,Japan,uozu,Uozu,36.8,137.4
japan,Japan,uminokuchi,Uminokuchi,36,138.5
japan,Japan,umi,Umi,33.56826,130.51009
japan,Japan,umeki,Umeki,31.66667,130.38333
japan,Japan,uken,Uken,28.3,129.23333
japan,Japan,ujiie,Ujiie,36.68333,139.96667
japan,Japan,uji,Uji,34.89044,135.80325
japan,Japan,uenohara,Uenohara,35.61667,139.11667
japan,Japan,ueno-ebisumachi,Ueno-ebisumachi,34.75856,136.13108
japan,Japan,ueno,Ueno,35.70524,139.77352
japan,Japan,uekimachi-mno,Uekimachi-mōno,32.89964,130.68898
japan,Japan,ueda,Ueda,36.40265,138.28161
japan,Japan,udono,Udono,33.737,136.01113
japan,Japan,ube,Ube,33.94306,131.25111
japan,Japan,tsuyama,Tsuyama,35.05215,133.99885
japan,Japan,tsuwano,Tsuwano,34.46667,131.76667
south-korea,South Korea,heunghae,Heunghae,36.10945,129.34517
south-korea,South Korea,yuseong,Yuseong,36.35389,127.33667
south-korea,South Korea,yeonil,Yeonil,36.00446,129.3185
south-korea,South Korea,neietsu,Neietsu,37.18447,128.46821
south-korea,South Korea,yeongju,Yeongju,36.82167,128.63083
south-korea,South Korea,yonghwa,Yonghwa,36.0213,127.7665
south-korea,South Korea,yeonggwang,Yeonggwang,35.27814,126.51181
south-korea,South Korea,yeongdong,Yeongdong,36.175,127.77639
south-korea,South Korea,yeongdeok,Yeongdeok,36.41366,129.37
south-korea,South Korea,eisen,Eisen,35.9675,128.93083
south-korea,South Korea,yongan,Yongan,36.11962,126.95283
south-korea,South Korea,iyang,Iyang,34.88953,126.98778
south-korea,South Korea,yeoncheon,Yeoncheon,38.10113,127.07727
south-korea,South Korea,yeoju,Yeoju,37.29583,127.63389
south-korea,South Korea,yesan,Yesan,36.67756,126.84272
south-korea,South Korea,yecheon,Yecheon,36.6574,128.45514
south-korea,South Korea,yangsan,Yangsan,35.34199,129.03358
south-korea,South Korea,yangpyng,Yangp'yŏng,37.48972,127.49056
south-korea,South Korea,yangju,Yangju,37.83311,127.06169
south-korea,South Korea,yanggu,Yanggu,38.10583,127.98944
south-korea,South Korea,wnju,Wŏnju,37.35139,127.94528
south-korea,South Korea,wanju,Wanju,35.84509,127.14752
south-korea,South Korea,waegwan,Waegwan,35.99251,128.39785
south-korea,South Korea,ulsan,Ulsan,35.53722,129.31667
south-korea,South Korea,uijeongbu-si,Uijeongbu-si,37.7415,127.0474
south-korea,South Korea,dongnae,Dongnae,35.20159,129.08477
south-korea,South Korea,dongbok,Dongbok,35.07,127.13028
south-korea,South Korea,tangjin,Tangjin,36.89444,126.62972
south-korea,South Korea,damyang,Damyang,35.31889,126.98389
south-korea,South Korea,taesal-li,Taesal-li,36.9714,126.4542
south-korea,South Korea,daejeon,Daejeon,36.34913,127.38493
south-korea,South Korea,daegu,Daegu,35.87028,128.59111
south-korea,South Korea,boryeong,Boryeong,36.34931,126.59772
south-korea,South Korea,taebaek,T’aebaek,37.1759,128.9889
south-korea,South Korea,suwon,Suwon,37.29111,127.00889
south-korea,South Korea,suncheon,Suncheon,34.9505,127.48784
south-korea,South Korea,seoul,Seoul,37.566,126.9784
south-korea,South Korea,seosan,Seosan,36.78167,126.45222
south-korea,South Korea,jenzan,Jenzan,36.24083,128.2975
south-korea,South Korea,seonghwan,Seonghwan,36.91556,127.13139
south-korea,South Korea,sokcho,Sokcho,38.20701,128.59181
south-korea,South Korea,sintansin,Sintansin,36.45361,127.43111
south-korea,South Korea,simcheon,Simcheon,36.23734,127.72248
south-korea,South Korea,sangju,Sangju,36.41528,128.16056
south-korea,South Korea,santyoku,Santyoku,37.44056,129.17083
south-korea,South Korea,pyeongtaek,Pyeongtaek,36.99472,127.08889
south-korea,South Korea,pyeongchang,Pyeongchang,37.37028,128.39306
south-korea,South Korea,buyeo,Buyeo,36.27472,126.90906
south-korea,South Korea,busan,Busan,35.10168,129.03004
south-korea,South Korea,bucheon-si,Bucheon-si,37.49889,126.78306
south-korea,South Korea,puan,Puan,35.72806,126.73194
south-korea,South Korea,beolgyo,Beolgyo,34.84897,127.34052
south-korea,South Korea,pohang,Pohang,36.02917,129.36481
south-korea,South Korea,beobwon,Beobwon,37.84902,126.87533
south-korea,South Korea,biin,Biin,36.14029,126.603
south-korea,South Korea,osan,Osan,37.15222,127.07056
south-korea,South Korea,asan,Asan,36.78361,127.00417
south-korea,South Korea,okcheon,Okcheon,36.3012,127.568
south-korea,South Korea,kosong,Kosong,38.37881,128.4676
south-korea,South Korea,nonsan,Nonsan,36.20389,127.08472
south-korea,South Korea,nangen,Nangen,35.41,127.38583
south-korea,South Korea,namsa,Namsa,35.93333,127.05
south-korea,South Korea,naju,Naju,35.0292,126.7175
south-korea,South Korea,munsan,Munsan,37.85944,126.785
south-korea,South Korea,mungyeong,Mungyeong,36.59458,128.19946
south-korea,South Korea,muan,Muan,34.99014,126.47899
south-korea,South Korea,mokpo,Mokpo,34.81282,126.39181
south-korea,South Korea,miryang,Miryang,35.49333,128.74889
south-korea,South Korea,masan,Masan,35.12725,126.83149
south-korea,South Korea,gyeongsan-si,Gyeongsan-si,35.82333,128.73778
south-korea,South Korea,gyeongju,Gyeongju,35.84278,129.21167
south-korea,South Korea,kwangyang,Kwangyang,34.97528,127.58917
south-korea,South Korea,gwangju,Gwangju,37.41,127.25722
south-korea,South Korea,gwanchon,Gwanchon,35.67463,127.27065
south-korea,South Korea,guryongpo,Guryongpo,35.98994,129.55377
south-korea,South Korea,kurye,Kurye,35.20944,127.46444
south-korea,South Korea,guri-si,Guri-si,37.5986,127.1394
south-korea,South Korea,kunwi,Kunwi,36.23472,128.57278
south-korea,South Korea,gunsan,Gunsan,35.97861,126.71139
south-korea,South Korea,gunpo,Gunpo,37.3675,126.94694
south-korea,South Korea,kinzan,Kinzan,36.10306,127.48889
south-korea,South Korea,gumi,Gumi,36.1136,128.336
south-korea,South Korea,goyang-si,Goyang-si,37.65639,126.835
south-korea,South Korea,goseong,Goseong,34.97631,128.32361
south-korea,South Korea,gongju,Gongju,36.45556,127.12472
south-korea,South Korea,kyosai,Kyosai,34.85028,128.58861
south-korea,South Korea,koesan,Koesan,36.81083,127.79472
south-korea,South Korea,kochang,Koch'ang,35.43333,126.7
south-korea,South Korea,kimje,Kimje,35.80167,126.88889
south-korea,South Korea,kimhae,Kimhae,35.23417,128.88111
south-korea,South Korea,gimcheon,Gimcheon,36.12176,128.11981
south-korea,South Korea,gijang,Gijang,35.24417,129.21389
south-korea,South Korea,gapyeong,Gapyeong,37.83101,127.51059
south-korea,South Korea,gangneung,Gangneung,37.75266,128.87239
south-korea,South Korea,ganghwa-gun,Ganghwa-gun,37.74722,126.48556
south-korea,South Korea,gampo,Gampo,35.80538,129.5011
south-korea,South Korea,iksan,Iksan,35.94389,126.95444
netherlands,Netherlands,zwolle,Zwolle,52.5125,6.09444
netherlands,Netherlands,zwijndrecht,Zwijndrecht,51.8175,4.63333
netherlands,Netherlands,zwaanshoek,Zwaanshoek,52.3125,4.61667
netherlands,Netherlands,de-westereen,De Westereen,53.25731,6.0363
netherlands,Netherlands,zwaagdijk-oost,Zwaagdijk-Oost,52.7075,5.14028
netherlands,Netherlands,zutphen,Zutphen,52.13833,6.20139
netherlands,Netherlands,zundert,Zundert,51.47167,4.65556
netherlands,Netherlands,zuilichem,Zuilichem,51.80917,5.13611
netherlands,Netherlands,zuidwijk,Zuidwijk,51.87532,4.48514
netherlands,Netherlands,zuid-scharwoude,Zuid-Scharwoude,52.68667,4.80833
netherlands,Netherlands,zuidlaren,Zuidlaren,53.09417,6.68194
netherlands,Netherlands,zuidhorn,Zuidhorn,53.24667,6.40278
netherlands,Netherlands,zuiderburen,Zuiderburen,53.1734,5.84271
netherlands,Netherlands,zuidbroek,Zuidbroek,53.16333,6.86111
netherlands,Netherlands,zuid-beijerland,Zuid-Beijerland,51.75083,4.36806
netherlands,Netherlands,zoutkamp,Zoutkamp,53.33917,6.30417
netherlands,Netherlands,zoutelande,Zoutelande,51.50167,3.48472
netherlands,Netherlands,zonnemaat,Zonnemaat,51.93115,6.06235
netherlands,Netherlands,zonderwijk,Zonderwijk,51.41141,5.39361
netherlands,Netherlands,zoeterwoude-dorp,Zoeterwoude-Dorp,52.12,4.49583
netherlands,Netherlands,zoetermeer,Zoetermeer,52.0575,4.49306
netherlands,Netherlands,zoelen,Zoelen,51.9125,5.40278
netherlands,Netherlands,zijtaart,Zijtaart,51.5925,5.54167
netherlands,Netherlands,zierikzee,Zierikzee,51.65,3.91944
netherlands,Netherlands,zevenhuizen,Zevenhuizen,52.21816,5.97841
netherlands,Netherlands,zevenhoven,Zevenhoven,52.18167,4.77917
netherlands,Netherlands,zevenbergschen-hoek,Zevenbergschen Hoek,51.6725,4.67917
netherlands,Netherlands,zevenaar,Zevenaar,51.93,6.07083
netherlands,Netherlands,zetten,Zetten,51.92833,5.71389
netherlands,Netherlands,zesgehuchten,Zesgehuchten,51.41667,5.55
netherlands,Netherlands,zelhem,Zelhem,52.00667,6.34861
netherlands,Netherlands,zeist,Zeist,52.09,5.23333
netherlands,Netherlands,zeilberg,Zeilberg,51.45469,5.81878
netherlands,Netherlands,zegveld,Zegveld,52.115,4.83611
netherlands,Netherlands,zegge,Zegge,51.55667,4.51806
netherlands,Netherlands,zeewolde,Zeewolde,52.33,5.54167
netherlands,Netherlands,zeelst,Zeelst,51.42421,5.41566
netherlands,Netherlands,zeeland,Zeeland,51.6975,5.67639
netherlands,Netherlands,zeddam,Zeddam,51.90333,6.25972
netherlands,Netherlands,zandvoort,Zandvoort,52.37125,4.53306
netherlands,Netherlands,zandberg,Zandberg,51.57333,4.78472
netherlands,Netherlands,zaltbommel,Zaltbommel,51.81,5.24444
netherlands,Netherlands,zaanstad,Zaanstad,52.45313,4.81356
netherlands,Netherlands,zaandijk,Zaandijk,52.47494,4.80686
netherlands,Netherlands,zaandam,Zaandam,52.43854,4.82643
netherlands,Netherlands,zaamslag,Zaamslag,51.3125,3.9125
netherlands,Netherlands,yerseke,Yerseke,51.4925,4.05
netherlands,Netherlands,wouw,Wouw,51.52167,4.39028
netherlands,Netherlands,woudsend,Woudsend,52.94357,5.62843
netherlands,Netherlands,woudrichem,Woudrichem,51.815,5.00139
netherlands,Netherlands,woudenberg,Woudenberg,52.08083,5.41667
netherlands,Netherlands,woubrugge,Woubrugge,52.17,4.63611
netherlands,Netherlands,workum,Workum,52.97969,5.4471
netherlands,Netherlands,wooldrik,Wooldrik,52.21667,6.91667
netherlands,Netherlands,woolde,Woolde,52.2721,6.75891
netherlands,Netherlands,wommels,Wommels,53.10883,5.58749
netherlands,Netherlands,wolvega,Wolvega,52.87545,5.99691
netherlands,Netherlands,wolphaartsdijk,Wolphaartsdijk,51.53167,3.81944
netherlands,Netherlands,wolfsbos,Wolfsbos,52.71734,6.49881
netherlands,Netherlands,wolfheze,Wolfheze,52.00333,5.79028
netherlands,Netherlands,wolder,Wolder,50.83752,5.65938
netherlands,Netherlands,woerden,Woerden,52.085,4.88333
netherlands,Netherlands,woenselse-heide,Woenselse Heide,51.48333,5.46667
netherlands,Netherlands,woensdrecht,Woensdrecht,51.42897,4.30355
netherlands,Netherlands,witmarsum,Witmarsum,53.10452,5.46902
netherlands,Netherlands,wissenkerke,Wissenkerke,51.585,3.74722
netherlands,Netherlands,wisch,Wisch,51.92648,6.41705
netherlands,Netherlands,wirdum,Wirdum,53.14893,5.80387
netherlands,Netherlands,winterswijk,Winterswijk,51.9725,6.71944
netherlands,Netherlands,wintelre,Wintelre,51.44417,5.34028
netherlands,Netherlands,winsum,Winsum,53.33,6.52083
netherlands,Netherlands,winschoten,Winschoten,53.14417,7.03472
netherlands,Netherlands,winkel,Winkel,52.75417,4.90278
netherlands,Netherlands,wilnis,Wilnis,52.19667,4.89722
netherlands,Netherlands,wilhelminadorp,Wilhelminadorp,51.49742,5.39223
netherlands,Netherlands,wildervank,Wildervank,53.08083,6.8625
netherlands,Netherlands,wijnjewoude,Wijnjewoude,53.05814,6.2047
netherlands,Netherlands,wijnandsrade,Wijnandsrade,50.90583,5.88333
netherlands,Netherlands,wijlre,Wijlre,50.83333,5.89583
netherlands,Netherlands,wijk-bij-duurstede,Wijk bij Duurstede,51.97417,5.34167
netherlands,Netherlands,wijk-aan-zee,Wijk aan Zee,52.4936,4.59409
netherlands,Netherlands,wijhe,Wijhe,52.38667,6.13472
netherlands,Netherlands,wijdenes,Wijdenes,52.635,5.15694
netherlands,Netherlands,wijchen,Wijchen,51.80917,5.725
netherlands,Netherlands,wijbosch,Wijbosch,51.61667,5.46806
netherlands,Netherlands,wieringerwerf,Wieringerwerf,52.85083,5.02639
netherlands,Netherlands,wieringerwaard,Wieringerwaard,52.83583,4.86528
netherlands,Netherlands,wierden,Wierden,52.35917,6.59306
netherlands,Netherlands,westwoud,Westwoud,52.685,5.13472
netherlands,Netherlands,west-terschelling,West-Terschelling,53.35911,5.21482
netherlands,Netherlands,west-souburg,West-Souburg,51.46417,3.59167
netherlands,Netherlands,westmaas,Westmaas,51.78667,4.475
netherlands,Netherlands,westlaren,Westlaren,53.0848,6.66469
netherlands,Netherlands,westkapelle,Westkapelle,51.52917,3.44028
netherlands,Netherlands,westerzicht,Westerzicht,51.46252,3.58687
netherlands,Netherlands,westervoort,Westervoort,51.95583,5.97222